,url,label,url_delimiter_count,url_digit_count,url_letter_count,url_symbol_count,url_digit_to_letter_ratio,url_encodes_characters,url_uses_https,url_get_port,url_uses_default_port_number,ip_in_url,domain,domain_delimiter_count,domain_digit_count,domain_letter_count,domain_symbol_count,domain_digit_to_letter_ratio,subdomain_in,ip_in_domain,path,path_delimiter_count,path_digit_count,path_letter_count,path_symbol_count,path_digit_to_letter_ratio,query,query_delimiter_count,query_digit_count,query_letter_count,query_symbol_count,query_digit_to_letter_ratio,decoded_query_values,total_query_value_length,avg_query_value_length,max_query_value_length,total_query_value_digit_count,avg_query_value_digit_count,avg_query_value_letter_count,total_query_value_symbol_count,avg_query_value_symbol_count,total_query_variable_length,avg_query_variable_length,max_query_variable_length,total_query_variable_digit_count,avg_query_variable_digit_count,avg_query_variable_letter_count,total_query_variable_symbol_count,avg_query_variable_symbol_count,fragment,fragment_delimiter_count,fragment_digit_count,fragment_letter_count,fragment_symbol_count,fragment_digit_to_letter_ratio,file_ext,file_ext_delimiter_count,file_ext_digit_count,file_ext_letter_count,file_ext_symbol_count,file_ext_digit_to_letter_ratio,file_ext_is_executable
0,http://vq.ag/BSTJjj,0,5,0,14,0,0,0,0,-1,0,0,vq.ag,1,0,4,0,0,0,0,/BSTJjj,1,0,6,0,0,,0,0,0,0,0,[],0,0,0,0,0,0,0,0,0,0,0,0,0,0,0,0,,0,0,0,0,0,,0,0,0,0,0,0
1,http://vq.ag/tQVjRC,0,5,0,14,0,0,0,0,-1,0,0,vq.ag,1,0,4,0,0,0,0,/tQVjRC,1,0,6,0,0,,0,0,0,0,0,[],0,0,0,0,0,0,0,0,0,0,0,0,0,0,0,0,,0,0,0,0,0,,0,0,0,0,0,0
2,http://vq.ag/dAUsYq,0,5,0,14,0,0,0,0,-1,0,0,vq.ag,1,0,4,0,0,0,0,/dAUsYq,1,0,6,0,0,,0,0,0,0,0,[],0,0,0,0,0,0,0,0,0,0,0,0,0,0,0,0,,0,0,0,0,0,,0,0,0,0,0,0
3,http://vq.ag/yaHyuD,0,5,0,14,0,0,0,0,-1,0,0,vq.ag,1,0,4,0,0,0,0,/yaHyuD,1,0,6,0,0,,0,0,0,0,0,[],0,0,0,0,0,0,0,0,0,0,0,0,0,0,0,0,,0,0,0,0,0,,0,0,0,0,0,0
4,http://vq.ag/zhVwhP,0,5,0,14,0,0,0,0,-1,0,0,vq.ag,1,0,4,0,0,0,0,/zhVwhP,1,0,6,0,0,,0,0,0,0,0,[],0,0,0,0,0,0,0,0,0,0,0,0,0,0,0,0,,0,0,0,0,0,,0,0,0,0,0,0
5,https://www.youtube.com/channel/UCdG2SN326Vzbobb0EFykZfA?guided_help_flow=3,0,11,6,58,0,0.103448276,0,1,-1,0,0,www.youtube.com,2,0,13,0,0,1,0,/channel/UCdG2SN326Vzbobb0EFykZfA,2,5,26,0,0.192307692,guided_help_flow=3,3,1,14,0,0.071428571,['3'],1,1,1,0,1,0,0,0,16,16,16,14,0,14,0,0,,0,0,0,0,0,,0,0,0,0,0,0
6,https://www.facebook.com/pages/Impact-XM/791316844281708,0,9,15,32,0,0.46875,0,1,-1,0,0,www.facebook.com,2,0,14,0,0,1,0,/pages/Impact-XM/791316844281708,4,15,13,0,1.153846154,,0,0,0,0,0,[],0,0,0,0,0,0,0,0,0,0,0,0,0,0,0,0,,0,0,0,0,0,,0,0,0,0,0,0
7,https://twitter.com/Impact_XM,0,6,0,23,0,0,0,1,-1,0,0,twitter.com,1,0,10,0,0,0,0,/Impact_XM,2,0,8,0,0,,0,0,0,0,0,[],0,0,0,0,0,0,0,0,0,0,0,0,0,0,0,0,,0,0,0,0,0,,0,0,0,0,0,0
8,http://vq.ag/CLGnN2,0,5,1,13,0,0.076923077,0,0,-1,0,0,vq.ag,1,0,4,0,0,0,0,/CLGnN2,1,1,5,0,0.2,,0,0,0,0,0,[],0,0,0,0,0,0,0,0,0,0,0,0,0,0,0,0,,0,0,0,0,0,,0,0,0,0,0,0
9,http://vq.ag/DKQ4t,0,5,1,12,0,0.083333333,0,0,-1,0,0,vq.ag,1,0,4,0,0,0,0,/DKQ4t,1,1,4,0,0.25,,0,0,0,0,0,[],0,0,0,0,0,0,0,0,0,0,0,0,0,0,0,0,,0,0,0,0,0,,0,0,0,0,0,0
10,http://vq.ag/0VMtwB,0,5,1,13,0,0.076923077,0,0,-1,0,0,vq.ag,1,0,4,0,0,0,0,/0VMtwB,1,1,5,0,0.2,,0,0,0,0,0,[],0,0,0,0,0,0,0,0,0,0,0,0,0,0,0,0,,0,0,0,0,0,,0,0,0,0,0,0
11,https://feywy.com/HSTpw8uBDi/,0,6,1,22,0,0.045454545,0,1,-1,0,0,feywy.com,1,0,8,0,0,0,0,/HSTpw8uBDi/,2,1,9,0,0.111111111,,0,0,0,0,0,[],0,0,0,0,0,0,0,0,0,0,0,0,0,0,0,0,,0,0,0,0,0,,0,0,0,0,0,0
12,http://mobn.it/AX8jbE,0,5,1,15,0,0.066666667,0,0,-1,0,0,mobn.it,1,0,6,0,0,0,0,/AX8jbE,1,1,5,0,0.2,,0,0,0,0,0,[],0,0,0,0,0,0,0,0,0,0,0,0,0,0,0,0,,0,0,0,0,0,,0,0,0,0,0,0
13,http://wrowy.com/AX8jbE,0,5,1,17,0,0.058823529,0,0,-1,0,0,wrowy.com,1,0,8,0,0,0,0,/AX8jbE,1,1,5,0,0.2,,0,0,0,0,0,[],0,0,0,0,0,0,0,0,0,0,0,0,0,0,0,0,,0,0,0,0,0,,0,0,0,0,0,0
14,https://mylendco.com/login?c=15545&source=58afre1104,0,8,11,32,0,0.34375,0,1,-1,0,0,mylendco.com,1,0,11,0,0,0,0,/login,1,0,5,0,0,c=15545&source=58afre1104,2,11,11,0,1,"['15545', '58afre1104']",15,7.5,10,4,5.5,2,0,0,7,3.5,6,7,0,3.5,0,0,,0,0,0,0,0,,0,0,0,0,0,0
15,https://hackerx-ottawa-feb2018-emp.eventbrite.com/,0,9,4,37,0,0.108108108,0,1,-1,0,0,hackerx-ottawa-feb2018-emp.eventbrite.com,5,4,32,0,0.125,1,0,/,1,0,0,0,0,,0,0,0,0,0,[],0,0,0,0,0,0,0,0,0,0,0,0,0,0,0,0,,0,0,0,0,0,,0,0,0,0,0,0
16,https://www.eventbrite.com/e/hackerx-ottawa-full-stack-employer-ticket-215-tickets-41525764680,0,15,14,65,0,0.215384615,0,1,-1,0,0,www.eventbrite.com,2,0,16,0,0,1,0,/e/hackerx-ottawa-full-stack-employer-ticket-215-tickets-41525764680,10,14,44,0,0.318181818,,0,0,0,0,0,[],0,0,0,0,0,0,0,0,0,0,0,0,0,0,0,0,,0,0,0,0,0,,0,0,0,0,0,0
17,http://bcaf.co/5v1l/,0,6,2,12,0,0.166666667,0,0,-1,0,0,bcaf.co,1,0,6,0,0,0,0,/5v1l/,2,2,2,0,1,,0,0,0,0,0,[],0,0,0,0,0,0,0,0,0,0,0,0,0,0,0,0,,0,0,0,0,0,,0,0,0,0,0,0
18,http://vq.ag/04uyBq,0,5,2,12,0,0.166666667,0,0,-1,0,0,vq.ag,1,0,4,0,0,0,0,/04uyBq,1,2,4,0,0.5,,0,0,0,0,0,[],0,0,0,0,0,0,0,0,0,0,0,0,0,0,0,0,,0,0,0,0,0,,0,0,0,0,0,0
19,http://vq.ag/hizqR,0,5,0,13,0,0,0,0,-1,0,0,vq.ag,1,0,4,0,0,0,0,/hizqR,1,0,5,0,0,,0,0,0,0,0,[],0,0,0,0,0,0,0,0,0,0,0,0,0,0,0,0,,0,0,0,0,0,,0,0,0,0,0,0
20,http://vq.ag/4YqVaE,0,5,1,13,0,0.076923077,0,0,-1,0,0,vq.ag,1,0,4,0,0,0,0,/4YqVaE,1,1,5,0,0.2,,0,0,0,0,0,[],0,0,0,0,0,0,0,0,0,0,0,0,0,0,0,0,,0,0,0,0,0,,0,0,0,0,0,0
21,http://vq.ag/DpuU2Z,0,5,1,13,0,0.076923077,0,0,-1,0,0,vq.ag,1,0,4,0,0,0,0,/DpuU2Z,1,1,5,0,0.2,,0,0,0,0,0,[],0,0,0,0,0,0,0,0,0,0,0,0,0,0,0,0,,0,0,0,0,0,,0,0,0,0,0,0
22,http://vq.ag/9ijBqT,0,5,1,13,0,0.076923077,0,0,-1,0,0,vq.ag,1,0,4,0,0,0,0,/9ijBqT,1,1,5,0,0.2,,0,0,0,0,0,[],0,0,0,0,0,0,0,0,0,0,0,0,0,0,0,0,,0,0,0,0,0,,0,0,0,0,0,0
23,http://vq.ag/nZt50O,0,5,2,12,0,0.166666667,0,0,-1,0,0,vq.ag,1,0,4,0,0,0,0,/nZt50O,1,2,4,0,0.5,,0,0,0,0,0,[],0,0,0,0,0,0,0,0,0,0,0,0,0,0,0,0,,0,0,0,0,0,,0,0,0,0,0,0
24,http://vq.ag/cJKnRY,0,5,0,14,0,0,0,0,-1,0,0,vq.ag,1,0,4,0,0,0,0,/cJKnRY,1,0,6,0,0,,0,0,0,0,0,[],0,0,0,0,0,0,0,0,0,0,0,0,0,0,0,0,,0,0,0,0,0,,0,0,0,0,0,0
25,http://vq.ag/DTlrs7,0,5,1,13,0,0.076923077,0,0,-1,0,0,vq.ag,1,0,4,0,0,0,0,/DTlrs7,1,1,5,0,0.2,,0,0,0,0,0,[],0,0,0,0,0,0,0,0,0,0,0,0,0,0,0,0,,0,0,0,0,0,,0,0,0,0,0,0
26,http://vq.ag/eky_FM,0,6,0,13,0,0,0,0,-1,0,0,vq.ag,1,0,4,0,0,0,0,/eky_FM,2,0,5,0,0,,0,0,0,0,0,[],0,0,0,0,0,0,0,0,0,0,0,0,0,0,0,0,,0,0,0,0,0,,0,0,0,0,0,0
27,http://vq.ag/K9UsgC,0,5,1,13,0,0.076923077,0,0,-1,0,0,vq.ag,1,0,4,0,0,0,0,/K9UsgC,1,1,5,0,0.2,,0,0,0,0,0,[],0,0,0,0,0,0,0,0,0,0,0,0,0,0,0,0,,0,0,0,0,0,,0,0,0,0,0,0
28,http://vq.ag/-MF4rX,0,6,1,12,0,0.083333333,0,0,-1,0,0,vq.ag,1,0,4,0,0,0,0,/-MF4rX,2,1,4,0,0.25,,0,0,0,0,0,[],0,0,0,0,0,0,0,0,0,0,0,0,0,0,0,0,,0,0,0,0,0,,0,0,0,0,0,0
29,http://vq.ag/fJ33G,0,5,2,11,0,0.181818182,0,0,-1,0,0,vq.ag,1,0,4,0,0,0,0,/fJ33G,1,2,3,0,0.666666667,,0,0,0,0,0,[],0,0,0,0,0,0,0,0,0,0,0,0,0,0,0,0,,0,0,0,0,0,,0,0,0,0,0,0
30,http://vq.ag/9-dT2W,0,6,2,11,0,0.181818182,0,0,-1,0,0,vq.ag,1,0,4,0,0,0,0,/9-dT2W,2,2,3,0,0.666666667,,0,0,0,0,0,[],0,0,0,0,0,0,0,0,0,0,0,0,0,0,0,0,,0,0,0,0,0,,0,0,0,0,0,0
31,http://vq.ag/Whw0Ey,0,5,1,13,0,0.076923077,0,0,-1,0,0,vq.ag,1,0,4,0,0,0,0,/Whw0Ey,1,1,5,0,0.2,,0,0,0,0,0,[],0,0,0,0,0,0,0,0,0,0,0,0,0,0,0,0,,0,0,0,0,0,,0,0,0,0,0,0
32,http://vq.ag/X6Ll0P,0,5,2,12,0,0.166666667,0,0,-1,0,0,vq.ag,1,0,4,0,0,0,0,/X6Ll0P,1,2,4,0,0.5,,0,0,0,0,0,[],0,0,0,0,0,0,0,0,0,0,0,0,0,0,0,0,,0,0,0,0,0,,0,0,0,0,0,0
33,http://vq.ag/AKyNMh,0,5,0,14,0,0,0,0,-1,0,0,vq.ag,1,0,4,0,0,0,0,/AKyNMh,1,0,6,0,0,,0,0,0,0,0,[],0,0,0,0,0,0,0,0,0,0,0,0,0,0,0,0,,0,0,0,0,0,,0,0,0,0,0,0
34,http://vq.ag/mSUC0K,0,5,1,13,0,0.076923077,0,0,-1,0,0,vq.ag,1,0,4,0,0,0,0,/mSUC0K,1,1,5,0,0.2,,0,0,0,0,0,[],0,0,0,0,0,0,0,0,0,0,0,0,0,0,0,0,,0,0,0,0,0,,0,0,0,0,0,0
35,https://twitter.com/Bell,0,5,0,19,0,0,0,1,-1,0,0,twitter.com,1,0,10,0,0,0,0,/Bell,1,0,4,0,0,,0,0,0,0,0,[],0,0,0,0,0,0,0,0,0,0,0,0,0,0,0,0,,0,0,0,0,0,,0,0,0,0,0,0
36,http://vbs.cm/o3pxT1,0,5,2,13,0,0.153846154,0,0,-1,0,0,vbs.cm,1,0,5,0,0,0,0,/o3pxT1,1,2,4,0,0.5,,0,0,0,0,0,[],0,0,0,0,0,0,0,0,0,0,0,0,0,0,0,0,,0,0,0,0,0,,0,0,0,0,0,0
37,https://www.ae.com/content/help/texts?cid=AE_Mobile_171218_5,0,13,7,40,0,0.175,0,1,-1,0,0,www.ae.com,2,0,8,0,0,1,0,/content/help/texts,3,0,16,0,0,cid=AE_Mobile_171218_5,4,7,11,0,0.636363636,['AE_Mobile_171218_5'],18,18,18,8,7,8,0,0,3,3,3,3,0,3,0,0,,0,0,0,0,0,,0,0,0,0,0,0
38,http://vq.ag/9IIpT6,0,5,2,12,0,0.166666667,0,0,-1,0,0,vq.ag,1,0,4,0,0,0,0,/9IIpT6,1,2,4,0,0.5,,0,0,0,0,0,[],0,0,0,0,0,0,0,0,0,0,0,0,0,0,0,0,,0,0,0,0,0,,0,0,0,0,0,0
39,https://www.youtube.com/watch?v=3DaZla1ttZHaw,0,8,2,35,0,0.057142857,0,1,-1,0,0,www.youtube.com,2,0,13,0,0,1,0,/watch,1,0,5,0,0,v=3DaZla1ttZHaw,1,2,12,0,0.166666667,['3DaZla1ttZHaw'],13,13,13,11,2,11,0,0,1,1,1,1,0,1,0,0,,0,0,0,0,0,,0,0,0,0,0,0
40,http://ppc-ply.com/la1,0,6,1,15,0,0.066666667,0,0,-1,0,0,ppc-ply.com,2,0,9,0,0,0,0,/la1,1,1,2,0,0.5,,0,0,0,0,0,[],0,0,0,0,0,0,0,0,0,0,0,0,0,0,0,0,,0,0,0,0,0,,0,0,0,0,0,0
41,http://vq.ag/QXTt60,0,5,2,12,0,0.166666667,0,0,-1,0,0,vq.ag,1,0,4,0,0,0,0,/QXTt60,1,2,4,0,0.5,,0,0,0,0,0,[],0,0,0,0,0,0,0,0,0,0,0,0,0,0,0,0,,0,0,0,0,0,,0,0,0,0,0,0
42,https://redirector.me/go/352?aff_sub2=1612&aff_sub=20737&aff_click_id=1925361322&xt=7e3f2c2f-3627-4daf-ad5a-4acce2c9c39d,0,19,38,60,0,0.633333333,0,1,-1,0,0,redirector.me,1,0,12,0,0,0,0,/go/352,2,3,2,0,1.5,aff_sub2=1612&aff_sub=20737&aff_click_id=1925361322&xt=7e3f2c2f-3627-4daf-ad5a-4acce2c9c39d,12,35,41,0,0.853658537,"['1612', '20737', '1925361322', '7e3f2c2f-3627-4daf-ad5a-4acce2c9c39d']",55,13.75,36,17,8.5,4.25,0,0,29,7.25,12,24,0.25,6,0,0,,0,0,0,0,0,,0,0,0,0,0,0
43,https://rdldtrk.com/?a=1612&oc=26729&c=56945&m=13&s1=68_&s2=21118358&s3=373&xt=7e3f2c2f-3627-4daf-ad5a-4acce2c9c39d&ckmguid=3ddf9455-cbdd-4c66-a0ba-7194f2d3b8f9,0,24,64,64,0,1,0,1,-1,0,0,rdldtrk.com,1,0,10,0,0,0,0,/,1,0,0,0,0,a=1612&oc=26729&c=56945&m=13&s1=68_&s2=21118358&s3=373&xt=7e3f2c2f-3627-4daf-ad5a-4acce2c9c39d&ckmguid=3ddf9455-cbdd-4c66-a0ba-7194f2d3b8f9,18,64,49,0,1.306122449,"['1612', '26729', '56945', '13', '68_', '21118358', '373', '7e3f2c2f-3627-4daf-ad5a-4acce2c9c39d', '3ddf9455-cbdd-4c66-a0ba-7194f2d3b8f9']",102,11.33333333,36,32,6.777777778,3.555555556,0,0,20,2.222222222,7,17,0.333333333,1.888888889,0,0,,0,0,0,0,0,,0,0,0,0,0,0
44,"http://secure4cs.com/?a=68&oc=589&c=391&m=20&s1=	&xt=7e3f2c2f-3627-4daf-ad5a-4acce2c9c39d",0,16,27,40,1,0.675,0,0,-1,0,0,secure4cs.com,1,1,11,0,0.090909091,0,0,/,1,0,0,0,0,"a=68&oc=589&c=391&m=20&s1=	&xt=7e3f2c2f-3627-4daf-ad5a-4acce2c9c39d",10,26,25,1,1.04,"['68', '589', '391', '20', '\t', '7e3f2c2f-3627-4daf-ad5a-4acce2c9c39d']",47,7.833333333,36,17,4.166666667,2.833333333,1,0.166666667,9,1.5,2,8,0.166666667,1.333333333,0,0,,0,0,0,0,0,,0,0,0,0,0,0
45,http://znq06track.com/?a=1612&oc=26729&c=56945&m=13&s1=68_&s2=21118358&s3=373&xt=7e3f2c2f-3627-4daf-ad5a-4acce2c9c39d,0,19,49,42,0,1.166666667,0,0,-1,0,0,znq06track.com,1,2,11,0,0.181818182,0,0,/,1,0,0,0,0,a=1612&oc=26729&c=56945&m=13&s1=68_&s2=21118358&s3=373&xt=7e3f2c2f-3627-4daf-ad5a-4acce2c9c39d,13,47,27,0,1.740740741,"['1612', '26729', '56945', '13', '68_', '21118358', '373', '7e3f2c2f-3627-4daf-ad5a-4acce2c9c39d']",66,8.25,36,17,5.5,2.125,0,0,13,1.625,2,10,0.375,1.25,0,0,,0,0,0,0,0,,0,0,0,0,0,0
46,http://cs-secure.com/?a=68&oc=589&c=391&m=20&s1=%09&xt=7e3f2c2f-3627-4daf-ad5a-4acce2c9c39d&ckmguid=89952f02-a3c3-4ce1-9923-4fe01cf39a19,0,22,50,57,0,0.877192982,1,0,-1,0,0,cs-secure.com,2,0,11,0,0,0,0,/,1,0,0,0,0,a=68&oc=589&c=391&m=20&s1=%09&xt=7e3f2c2f-3627-4daf-ad5a-4acce2c9c39d&ckmguid=89952f02-a3c3-4ce1-9923-4fe01cf39a19,15,50,42,0,1.19047619,"['68', '589', '391', '20', '\t', '7e3f2c2f-3627-4daf-ad5a-4acce2c9c39d', '89952f02-a3c3-4ce1-9923-4fe01cf39a19']",83,11.85714286,36,27,6.714285714,3.857142857,1,0.142857143,16,2.285714286,7,15,0.142857143,2.142857143,0,0,,0,0,0,0,0,,0,0,0,0,0,0
47,http://claim.ac/AuwCoc,0,5,0,17,0,0,0,0,-1,0,0,claim.ac,1,0,7,0,0,0,0,/AuwCoc,1,0,6,0,0,,0,0,0,0,0,[],0,0,0,0,0,0,0,0,0,0,0,0,0,0,0,0,,0,0,0,0,0,,0,0,0,0,0,0
48,https://redirector.me/go/352?aff_sub2=1612&aff_sub=20737&aff_click_id=1925364308&xt=df21ccef-966d-42bf-bd05-d67838335ccc,0,19,40,58,0,0.689655172,0,1,-1,0,0,redirector.me,1,0,12,0,0,0,0,/go/352,2,3,2,0,1.5,aff_sub2=1612&aff_sub=20737&aff_click_id=1925364308&xt=df21ccef-966d-42bf-bd05-d67838335ccc,12,37,39,0,0.948717949,"['1612', '20737', '1925364308', 'df21ccef-966d-42bf-bd05-d67838335ccc']",55,13.75,36,15,9,3.75,0,0,29,7.25,12,24,0.25,6,0,0,,0,0,0,0,0,,0,0,0,0,0,0
49,https://rdldtrk.com/?a=1612&oc=26729&c=56945&m=13&s1=68_&s2=21118358&s3=373&xt=df21ccef-966d-42bf-bd05-d67838335ccc&ckmguid=d2a139f6-1f1e-45bb-9bef-9ca92c014931,0,24,68,60,0,1.133333333,0,1,-1,0,0,rdldtrk.com,1,0,10,0,0,0,0,/,1,0,0,0,0,a=1612&oc=26729&c=56945&m=13&s1=68_&s2=21118358&s3=373&xt=df21ccef-966d-42bf-bd05-d67838335ccc&ckmguid=d2a139f6-1f1e-45bb-9bef-9ca92c014931,18,68,45,0,1.511111111,"['1612', '26729', '56945', '13', '68_', '21118358', '373', 'df21ccef-966d-42bf-bd05-d67838335ccc', 'd2a139f6-1f1e-45bb-9bef-9ca92c014931']",102,11.33333333,36,28,7.222222222,3.111111111,0,0,20,2.222222222,7,17,0.333333333,1.888888889,0,0,,0,0,0,0,0,,0,0,0,0,0,0
50,http://cs-secure.com/?a=68&oc=589&c=391&m=20&s1=%09&xt=df21ccef-966d-42bf-bd05-d67838335ccc&ckmguid=2aeaa543-e4a6-4c99-9683-1caf00ae3183,0,22,50,57,0,0.877192982,1,0,-1,0,0,cs-secure.com,2,0,11,0,0,0,0,/,1,0,0,0,0,a=68&oc=589&c=391&m=20&s1=%09&xt=df21ccef-966d-42bf-bd05-d67838335ccc&ckmguid=2aeaa543-e4a6-4c99-9683-1caf00ae3183,15,50,42,0,1.19047619,"['68', '589', '391', '20', '\t', 'df21ccef-966d-42bf-bd05-d67838335ccc', '2aeaa543-e4a6-4c99-9683-1caf00ae3183']",83,11.85714286,36,27,6.714285714,3.857142857,1,0.142857143,16,2.285714286,7,15,0.142857143,2.142857143,0,0,,0,0,0,0,0,,0,0,0,0,0,0
51,"http://secure4cs.com/?a=68&oc=589&c=391&m=20&s1=	&xt=df21ccef-966d-42bf-bd05-d67838335ccc",0,16,29,38,1,0.763157895,0,0,-1,0,0,secure4cs.com,1,1,11,0,0.090909091,0,0,/,1,0,0,0,0,"a=68&oc=589&c=391&m=20&s1=	&xt=df21ccef-966d-42bf-bd05-d67838335ccc",10,28,23,1,1.217391304,"['68', '589', '391', '20', '\t', 'df21ccef-966d-42bf-bd05-d67838335ccc']",47,7.833333333,36,15,4.5,2.5,1,0.166666667,9,1.5,2,8,0.166666667,1.333333333,0,0,,0,0,0,0,0,,0,0,0,0,0,0
52,http://claim.ac/Xjp1bi,0,5,1,16,0,0.0625,0,0,-1,0,0,claim.ac,1,0,7,0,0,0,0,/Xjp1bi,1,1,5,0,0.2,,0,0,0,0,0,[],0,0,0,0,0,0,0,0,0,0,0,0,0,0,0,0,,0,0,0,0,0,,0,0,0,0,0,0
53,http://vbs.cm/83uuEt,0,5,2,13,0,0.153846154,0,0,-1,0,0,vbs.cm,1,0,5,0,0,0,0,/83uuEt,1,2,4,0,0.5,,0,0,0,0,0,[],0,0,0,0,0,0,0,0,0,0,0,0,0,0,0,0,,0,0,0,0,0,,0,0,0,0,0,0
54,https://thinfi.com/0qoe,0,5,1,17,0,0.058823529,0,1,-1,0,0,thinfi.com,1,0,9,0,0,0,0,/0qoe,1,1,3,0,0.333333333,,0,0,0,0,0,[],0,0,0,0,0,0,0,0,0,0,0,0,0,0,0,0,,0,0,0,0,0,,0,0,0,0,0,0
55,https://www.cannabiscare.ca/products/250-mg-cbd-hemp-oil/,0,12,3,42,0,0.071428571,0,1,-1,0,0,www.cannabiscare.ca,2,0,17,0,0,1,0,/products/250-mg-cbd-hemp-oil/,7,3,20,0,0.15,,0,0,0,0,0,[],0,0,0,0,0,0,0,0,0,0,0,0,0,0,0,0,,0,0,0,0,0,,0,0,0,0,0,0
56,https://www.youtube.com/watch?v=3DbAHAwesTLB4,0,8,2,35,0,0.057142857,0,1,-1,0,0,www.youtube.com,2,0,13,0,0,1,0,/watch,1,0,5,0,0,v=3DbAHAwesTLB4,1,2,12,0,0.166666667,['3DbAHAwesTLB4'],13,13,13,11,2,11,0,0,1,1,1,1,0,1,0,0,,0,0,0,0,0,,0,0,0,0,0,0
57,http://vq.ag/pIrD9X,0,5,1,13,0,0.076923077,0,0,-1,0,0,vq.ag,1,0,4,0,0,0,0,/pIrD9X,1,1,5,0,0.2,,0,0,0,0,0,[],0,0,0,0,0,0,0,0,0,0,0,0,0,0,0,0,,0,0,0,0,0,,0,0,0,0,0,0
58,http://redeemlink.com/56P6,0,5,3,18,0,0.166666667,0,0,-1,0,0,redeemlink.com,1,0,13,0,0,0,0,/56P6,1,3,1,0,3,,0,0,0,0,0,[],0,0,0,0,0,0,0,0,0,0,0,0,0,0,0,0,,0,0,0,0,0,,0,0,0,0,0,0
59,http://vq.ag/ilGndY,0,5,0,14,0,0,0,0,-1,0,0,vq.ag,1,0,4,0,0,0,0,/ilGndY,1,0,6,0,0,,0,0,0,0,0,[],0,0,0,0,0,0,0,0,0,0,0,0,0,0,0,0,,0,0,0,0,0,,0,0,0,0,0,0
60,http://vq.ag/4mtj4J,0,5,2,12,0,0.166666667,0,0,-1,0,0,vq.ag,1,0,4,0,0,0,0,/4mtj4J,1,2,4,0,0.5,,0,0,0,0,0,[],0,0,0,0,0,0,0,0,0,0,0,0,0,0,0,0,,0,0,0,0,0,,0,0,0,0,0,0
61,http://vq.ag/C37g9v,0,5,3,11,0,0.272727273,0,0,-1,0,0,vq.ag,1,0,4,0,0,0,0,/C37g9v,1,3,3,0,1,,0,0,0,0,0,[],0,0,0,0,0,0,0,0,0,0,0,0,0,0,0,0,,0,0,0,0,0,,0,0,0,0,0,0
62,https://www.youtube.com/user/ibondi,0,7,0,28,0,0,0,1,-1,0,0,www.youtube.com,2,0,13,0,0,1,0,/user/ibondi,2,0,10,0,0,,0,0,0,0,0,[],0,0,0,0,0,0,0,0,0,0,0,0,0,0,0,0,,0,0,0,0,0,,0,0,0,0,0,0
63,http://www.tb.mu/WiB3oW,0,6,1,16,0,0.0625,0,0,-1,0,0,www.tb.mu,2,0,7,0,0,1,0,/WiB3oW,1,1,5,0,0.2,,0,0,0,0,0,[],0,0,0,0,0,0,0,0,0,0,0,0,0,0,0,0,,0,0,0,0,0,,0,0,0,0,0,0
64,http://vq.ag/SKi2f4,0,5,2,12,0,0.166666667,0,0,-1,0,0,vq.ag,1,0,4,0,0,0,0,/SKi2f4,1,2,4,0,0.5,,0,0,0,0,0,[],0,0,0,0,0,0,0,0,0,0,0,0,0,0,0,0,,0,0,0,0,0,,0,0,0,0,0,0
65,http://www.tb.mu/WiB3ha,0,6,1,16,0,0.0625,0,0,-1,0,0,www.tb.mu,2,0,7,0,0,1,0,/WiB3ha,1,1,5,0,0.2,,0,0,0,0,0,[],0,0,0,0,0,0,0,0,0,0,0,0,0,0,0,0,,0,0,0,0,0,,0,0,0,0,0,0
66,https://ttxx1.com/?a=767&c=606&s1=3432&s2=92515042,0,10,21,16,0,1.3125,0,1,-1,0,0,ttxx1.com,1,1,7,0,0.142857143,0,0,/,1,0,0,0,0,a=767&c=606&s1=3432&s2=92515042,4,20,4,0,5,"['767', '606', '3432', '92515042']",18,4.5,8,0,4.5,0,0,0,6,1.5,2,4,0.5,1,0,0,,0,0,0,0,0,,0,0,0,0,0,0
67,http://vq.ag/6Vhp0n,0,5,2,12,0,0.166666667,0,0,-1,0,0,vq.ag,1,0,4,0,0,0,0,/6Vhp0n,1,2,4,0,0.5,,0,0,0,0,0,[],0,0,0,0,0,0,0,0,0,0,0,0,0,0,0,0,,0,0,0,0,0,,0,0,0,0,0,0
68,http://megamakemoney.us/u19u,0,5,2,21,0,0.095238095,0,0,-1,0,0,megamakemoney.us,1,0,15,0,0,0,0,/u19u,1,2,2,0,1,,0,0,0,0,0,[],0,0,0,0,0,0,0,0,0,0,0,0,0,0,0,0,,0,0,0,0,0,,0,0,0,0,0,0
69,https://smsbroadcaster-production.herokuapp.com/click?b=1312&l=aHR0cDovL2NpdGxpcy5jb20vP2E9MzQzMiZjPTE1NTUwJnMxPTQuMTIuMTgtLWZhbTMtLTQuMTIuMTgtLWI=,0,11,12,123,0,0.097560976,0,1,-1,0,0,smsbroadcaster-production.herokuapp.com,3,0,36,0,0,1,0,/click,1,0,5,0,0,b=1312&l=aHR0cDovL2NpdGxpcy5jb20vP2E9MzQzMiZjPTE1NTUwJnMxPTQuMTIuMTgtLWZhbTMtLTQuMTIuMTgtLWI=,3,12,77,0,0.155844156,"['1312', 'aHR0cDovL2NpdGxpcy5jb20vP2E9MzQzMiZjPTE1NTUwJnMxPTQuMTIuMTgtLWZhbTMtLTQuMTIuMTgtLWI=']",88,44,84,75,6,37.5,0,0,2,1,1,2,0,1,0,0,,0,0,0,0,0,,0,0,0,0,0,0
70,http://www.megamakemoney.us/u19u,0,6,2,24,0,0.083333333,0,0,-1,0,0,www.megamakemoney.us,2,0,18,0,0,1,0,/u19u,1,2,2,0,1,,0,0,0,0,0,[],0,0,0,0,0,0,0,0,0,0,0,0,0,0,0,0,,0,0,0,0,0,,0,0,0,0,0,0
71,http://citlis.com/?a=3432&c=15550&s1=4.12.18--fam3--4.12.18--b,0,19,21,20,0,1.05,0,0,-1,0,0,citlis.com,1,0,9,0,0,0,0,/,1,0,0,0,0,a=3432&c=15550&s1=4.12.18--fam3--4.12.18--b,13,21,7,0,3,"['3432', '15550', '4.12.18--fam3--4.12.18--b']",34,11.33333333,25,4,6.666666667,1.333333333,0,0,4,1.333333333,2,3,0.333333333,1,0,0,,0,0,0,0,0,,0,0,0,0,0,0
72,http://vq.ag/_q8IaN,0,6,1,12,0,0.083333333,0,0,-1,0,0,vq.ag,1,0,4,0,0,0,0,/_q8IaN,2,1,4,0,0.25,,0,0,0,0,0,[],0,0,0,0,0,0,0,0,0,0,0,0,0,0,0,0,,0,0,0,0,0,,0,0,0,0,0,0
73,http://vq.ag/7N1ps5,0,5,3,11,0,0.272727273,0,0,-1,0,0,vq.ag,1,0,4,0,0,0,0,/7N1ps5,1,3,3,0,1,,0,0,0,0,0,[],0,0,0,0,0,0,0,0,0,0,0,0,0,0,0,0,,0,0,0,0,0,,0,0,0,0,0,0
74,http://vq.ag/ZEjH0f,0,5,1,13,0,0.076923077,0,0,-1,0,0,vq.ag,1,0,4,0,0,0,0,/ZEjH0f,1,1,5,0,0.2,,0,0,0,0,0,[],0,0,0,0,0,0,0,0,0,0,0,0,0,0,0,0,,0,0,0,0,0,,0,0,0,0,0,0
75,http://vq.ag/2s_DFf,0,6,1,12,0,0.083333333,0,0,-1,0,0,vq.ag,1,0,4,0,0,0,0,/2s_DFf,2,1,4,0,0.25,,0,0,0,0,0,[],0,0,0,0,0,0,0,0,0,0,0,0,0,0,0,0,,0,0,0,0,0,,0,0,0,0,0,0
76,https://www.youtube.com/watch?v=3D74kqi96Vh2M,0,8,6,31,0,0.193548387,0,1,-1,0,0,www.youtube.com,2,0,13,0,0,1,0,/watch,1,0,5,0,0,v=3D74kqi96Vh2M,1,6,8,0,0.75,['3D74kqi96Vh2M'],13,13,13,7,6,7,0,0,1,1,1,1,0,1,0,0,,0,0,0,0,0,,0,0,0,0,0,0
77,https://www.youtube.com/watch?sns=3Dem&v=3D0mr8WC-QmDk,0,10,4,39,0,0.102564103,0,1,-1,0,0,www.youtube.com,2,0,13,0,0,1,0,/watch,1,0,5,0,0,sns=3Dem&v=3D0mr8WC-QmDk,3,4,16,0,0.25,"['3Dem', '3D0mr8WC-QmDk']",17,8.5,13,12,2,6,0,0,4,2,3,4,0,2,0,0,,0,0,0,0,0,,0,0,0,0,0,0
78,http://vq.ag/R932p-,0,6,3,10,0,0.3,0,0,-1,0,0,vq.ag,1,0,4,0,0,0,0,/R932p-,2,3,2,0,1.5,,0,0,0,0,0,[],0,0,0,0,0,0,0,0,0,0,0,0,0,0,0,0,,0,0,0,0,0,,0,0,0,0,0,0
79,http://go.boxerer.xyz/ts3813-international-general-int,0,9,4,41,0,0.097560976,0,0,-1,0,0,go.boxerer.xyz,2,0,12,0,0,1,0,/ts3813-international-general-int,4,4,25,0,0.16,,0,0,0,0,0,[],0,0,0,0,0,0,0,0,0,0,0,0,0,0,0,0,,0,0,0,0,0,,0,0,0,0,0,0
80,http://vq.ag/x6uMpa,0,5,1,13,0,0.076923077,0,0,-1,0,0,vq.ag,1,0,4,0,0,0,0,/x6uMpa,1,1,5,0,0.2,,0,0,0,0,0,[],0,0,0,0,0,0,0,0,0,0,0,0,0,0,0,0,,0,0,0,0,0,,0,0,0,0,0,0
81,http://vq.ag/kHFVFO,0,5,0,14,0,0,0,0,-1,0,0,vq.ag,1,0,4,0,0,0,0,/kHFVFO,1,0,6,0,0,,0,0,0,0,0,[],0,0,0,0,0,0,0,0,0,0,0,0,0,0,0,0,,0,0,0,0,0,,0,0,0,0,0,0
82,http://vq.ag/E5zAY6,0,5,2,12,0,0.166666667,0,0,-1,0,0,vq.ag,1,0,4,0,0,0,0,/E5zAY6,1,2,4,0,0.5,,0,0,0,0,0,[],0,0,0,0,0,0,0,0,0,0,0,0,0,0,0,0,,0,0,0,0,0,,0,0,0,0,0,0
83,http://vq.ag/iSgaVq,0,5,0,14,0,0,0,0,-1,0,0,vq.ag,1,0,4,0,0,0,0,/iSgaVq,1,0,6,0,0,,0,0,0,0,0,[],0,0,0,0,0,0,0,0,0,0,0,0,0,0,0,0,,0,0,0,0,0,,0,0,0,0,0,0
84,http://vq.ag/_YlZNm,0,6,0,13,0,0,0,0,-1,0,0,vq.ag,1,0,4,0,0,0,0,/_YlZNm,2,0,5,0,0,,0,0,0,0,0,[],0,0,0,0,0,0,0,0,0,0,0,0,0,0,0,0,,0,0,0,0,0,,0,0,0,0,0,0
85,http://vq.ag/in_ClW,0,6,0,13,0,0,0,0,-1,0,0,vq.ag,1,0,4,0,0,0,0,/in_ClW,2,0,5,0,0,,0,0,0,0,0,[],0,0,0,0,0,0,0,0,0,0,0,0,0,0,0,0,,0,0,0,0,0,,0,0,0,0,0,0
86,http://onlineprosperityworkshop.com/toronto,0,5,0,38,0,0,0,0,-1,0,0,onlineprosperityworkshop.com,1,0,27,0,0,0,0,/toronto,1,0,7,0,0,,0,0,0,0,0,[],0,0,0,0,0,0,0,0,0,0,0,0,0,0,0,0,,0,0,0,0,0,,0,0,0,0,0,0
87,http://orbitnam.today/trendmsw/?a=767&s1=3432&s2=92515042&reqid#=56346297,0,12,25,33,0,0.757575758,0,0,-1,0,0,orbitnam.today,1,0,13,0,0,0,0,/trendmsw/,2,0,8,0,0,a=767&s1=3432&s2=92515042&reqid,3,17,8,0,2.125,"['767', '3432', '92515042']",15,5,8,0,5,0,0,0,5,1.666666667,2,3,0.666666667,1,0,0,56346297,1,8,0,0,0,,0,0,0,0,0,0
88,http://vq.ag/U2YPOk,0,5,1,13,0,0.076923077,0,0,-1,0,0,vq.ag,1,0,4,0,0,0,0,/U2YPOk,1,1,5,0,0.2,,0,0,0,0,0,[],0,0,0,0,0,0,0,0,0,0,0,0,0,0,0,0,,0,0,0,0,0,,0,0,0,0,0,0
89,http://vq.ag/aW3utZ,0,5,1,13,0,0.076923077,0,0,-1,0,0,vq.ag,1,0,4,0,0,0,0,/aW3utZ,1,1,5,0,0.2,,0,0,0,0,0,[],0,0,0,0,0,0,0,0,0,0,0,0,0,0,0,0,,0,0,0,0,0,,0,0,0,0,0,0
90,http://taprun101.com/0Qfr,0,5,4,16,0,0.25,0,0,-1,0,0,taprun101.com,1,3,9,0,0.333333333,0,0,/0Qfr,1,1,3,0,0.333333333,,0,0,0,0,0,[],0,0,0,0,0,0,0,0,0,0,0,0,0,0,0,0,,0,0,0,0,0,,0,0,0,0,0,0
91,http://www.telecompetitor.com/survey-more-than-80-of-service-providers-have-2018-gfast-deployment-plans/,0,18,6,80,0,0.075,0,0,-1,0,0,www.telecompetitor.com,2,0,20,0,0,1,0,/survey-more-than-80-of-service-providers-have-2018-gfast-deployment-plans/,13,6,56,0,0.107142857,,0,0,0,0,0,[],0,0,0,0,0,0,0,0,0,0,0,0,0,0,0,0,,0,0,0,0,0,,0,0,0,0,0,0
92,http://r20.rs6.net/tn.jsp?c=FwSYCaXct0UVEJe-9zMP531iJXv6Ky-US3z2K6prGqH9wL5WgKO8ow%3D%3D&f=001zy1ZymDqd9IC7rqJ0Robad9IPrdd2Klo2mEGpJDt7aJj2EItoTfKqnGwfcluZpZUlCnfEYSZGKnH5WYy7QzSSh6nT5y6NmO-j4mfQ4ozGgNwVf_oL-mmu6liTmT3i5LMTNFfJS-I-VTxjamzQXmme0oJ1YdpnI8uAOa6Xis4SRNBNP9aPQRQFvhYtNw0OCuVCYntkxxaMdBTYjR1BafRBRAJtrFxKwFGuwDPMirRrb4K9ORoLQE7uB6vVT3jX-bQ6sY_TVwc59YH1AoNHr-vnfF6YrpCdQCj&ch=QY31UbP1CPFEudhqBxn92_ngSVrdA4l56BMam1rOcF2dZkualHM7Eg%3D%3D,0,22,70,348,0,0.201149425,1,0,-1,0,0,r20.rs6.net,2,3,6,0,0.5,1,0,/tn.jsp,2,0,5,0,0,c=FwSYCaXct0UVEJe-9zMP531iJXv6Ky-US3z2K6prGqH9wL5WgKO8ow%3D%3D&f=001zy1ZymDqd9IC7rqJ0Robad9IPrdd2Klo2mEGpJDt7aJj2EItoTfKqnGwfcluZpZUlCnfEYSZGKnH5WYy7QzSSh6nT5y6NmO-j4mfQ4ozGgNwVf_oL-mmu6liTmT3i5LMTNFfJS-I-VTxjamzQXmme0oJ1YdpnI8uAOa6Xis4SRNBNP9aPQRQFvhYtNw0OCuVCYntkxxaMdBTYjR1BafRBRAJtrFxKwFGuwDPMirRrb4K9ORoLQE7uB6vVT3jX-bQ6sY_TVwc59YH1AoNHr-vnfF6YrpCdQCj&ch=QY31UbP1CPFEudhqBxn92_ngSVrdA4l56BMam1rOcF2dZkualHM7Eg%3D%3D,14,67,333,0,0.201201201,"['FwSYCaXct0UVEJe-9zMP531iJXv6Ky-US3z2K6prGqH9wL5WgKO8ow==', '001zy1ZymDqd9IC7rqJ0Robad9IPrdd2Klo2mEGpJDt7aJj2EItoTfKqnGwfcluZpZUlCnfEYSZGKnH5WYy7QzSSh6nT5y6NmO-j4mfQ4ozGgNwVf_oL-mmu6liTmT3i5LMTNFfJS-I-VTxjamzQXmme0oJ1YdpnI8uAOa6Xis4SRNBNP9aPQRQFvhYtNw0OCuVCYntkxxaMdBTYjR1BafRBRAJtrFxKwFGuwDPMirRrb4K9ORoLQE7uB6vVT3jX-bQ6sY_TVwc59YH1AoNHr-vnfF6YrpCdQCj', 'QY31UbP1CPFEudhqBxn92_ngSVrdA4l56BMam1rOcF2dZkualHM7Eg==']",403,134.3333333,291,325,21,108.3333333,0,0,4,1.333333333,2,4,0,1.333333333,0,0,,0,0,0,0,0,jsp,0,0,3,0,0,0
93,http://r20.rs6.net/tn.jsp?c=FwSYCaXct0UVEJe-9zMP531iJXv6Ky-US3z2K6prGqH9wL5WgKO8ow%3D%3D&f=001zy1ZymDqd9IC7rqJ0Robad9IPrdd2Klo2mEGpJDt7aJj2EItoTfKqkkk_2GSSBpYqRPT1G9kcpkmjYYdyjnwWVwSttCljYK6T07Kodp0V3J90K19yZo0D3lojlDyZhvxezA9_8kTLil0fYXUuw23khRO8lc0RIqzROc0QVBEqT9mT-1pkxJUFM_KJXOQwm33&ch=QY31UbP1CPFEudhqBxn92_ngSVrdA4l56BMam1rOcF2dZkualHM7Eg%3D%3D,0,18,68,258,0,0.263565891,1,0,-1,0,0,r20.rs6.net,2,3,6,0,0.5,1,0,/tn.jsp,2,0,5,0,0,c=FwSYCaXct0UVEJe-9zMP531iJXv6Ky-US3z2K6prGqH9wL5WgKO8ow%3D%3D&f=001zy1ZymDqd9IC7rqJ0Robad9IPrdd2Klo2mEGpJDt7aJj2EItoTfKqkkk_2GSSBpYqRPT1G9kcpkmjYYdyjnwWVwSttCljYK6T07Kodp0V3J90K19yZo0D3lojlDyZhvxezA9_8kTLil0fYXUuw23khRO8lc0RIqzROc0QVBEqT9mT-1pkxJUFM_KJXOQwm33&ch=QY31UbP1CPFEudhqBxn92_ngSVrdA4l56BMam1rOcF2dZkualHM7Eg%3D%3D,10,65,243,0,0.267489712,"['FwSYCaXct0UVEJe-9zMP531iJXv6Ky-US3z2K6prGqH9wL5WgKO8ow==', '001zy1ZymDqd9IC7rqJ0Robad9IPrdd2Klo2mEGpJDt7aJj2EItoTfKqkkk_2GSSBpYqRPT1G9kcpkmjYYdyjnwWVwSttCljYK6T07Kodp0V3J90K19yZo0D3lojlDyZhvxezA9_8kTLil0fYXUuw23khRO8lc0RIqzROc0QVBEqT9mT-1pkxJUFM_KJXOQwm33', 'QY31UbP1CPFEudhqBxn92_ngSVrdA4l56BMam1rOcF2dZkualHM7Eg==']",307,102.3333333,195,235,20.33333333,78.33333333,0,0,4,1.333333333,2,4,0,1.333333333,0,0,,0,0,0,0,0,jsp,0,0,3,0,0,0
94,https://mobile.twitter.com/i/nojs_router?path=%2Factiontec,0,10,1,46,0,0.02173913,1,1,-1,0,0,mobile.twitter.com,2,0,16,0,0,1,0,/i/nojs_router,3,0,11,0,0,path=%2Factiontec,1,1,14,0,0.071428571,['/actiontec'],10,10,10,9,0,9,0,0,4,4,4,4,0,4,0,0,,0,0,0,0,0,,0,0,0,0,0,0
95,http://www.actiontec.com/unsubscribe.php,0,7,0,33,0,0,0,0,-1,0,0,www.actiontec.com,2,0,15,0,0,1,0,/unsubscribe.php,2,0,14,0,0,,0,0,0,0,0,[],0,0,0,0,0,0,0,0,0,0,0,0,0,0,0,0,,0,0,0,0,0,php,0,0,3,0,0,0
96,https://mobile.twitter.com/actiontec,0,6,0,30,0,0,0,1,-1,0,0,mobile.twitter.com,2,0,16,0,0,1,0,/actiontec,1,0,9,0,0,,0,0,0,0,0,[],0,0,0,0,0,0,0,0,0,0,0,0,0,0,0,0,,0,0,0,0,0,,0,0,0,0,0,0
97,https://www.facebook.com/actiontec?_fb_noscript=1,0,10,1,38,0,0.026315789,0,1,-1,0,0,www.facebook.com,2,0,14,0,0,1,0,/actiontec,1,0,9,0,0,_fb_noscript=1,3,1,10,0,0.1,['1'],1,1,1,0,1,0,0,0,12,12,12,10,0,10,0,0,,0,0,0,0,0,,0,0,0,0,0,0
98,http://www.constantcontact.com/index.jsp,0,7,0,33,0,0,0,0,-1,0,0,www.constantcontact.com,2,0,21,0,0,1,0,/index.jsp,2,0,8,0,0,,0,0,0,0,0,[],0,0,0,0,0,0,0,0,0,0,0,0,0,0,0,0,,0,0,0,0,0,jsp,0,0,3,0,0,0
99,https://www.youtube.com/watch?feature=3Dshare&v=3DjLCHpZ6B1gU,0,9,4,47,0,0.085106383,0,1,-1,0,0,www.youtube.com,2,0,13,0,0,1,0,/watch,1,0,5,0,0,feature=3Dshare&v=3DjLCHpZ6B1gU,2,4,24,0,0.166666667,"['3Dshare', '3DjLCHpZ6B1gU']",20,10,13,16,2,8,0,0,8,4,7,8,0,4,0,0,,0,0,0,0,0,,0,0,0,0,0,0
100,http://r20.rs6.net/tn.jsp?c=dfcvE4qwBj8lBBsteYcaf0CZU6rjPiuZVZScmcPeuyRRfKhlEfx7Vg%3D%3D&f=001zy1ZymDqd9IC7rqJ0Robad9IPrdd2Klo2mEGpJDt7aJj2EItoTfKqnGwfcluZpZUlCnfEYSZGKnH5WYy7QzSSh6nT5y6NmO-j4mfQ4ozGgNwVf_oL-mmu6liTmT3i5LMTNFfJS-I-VTxjamzQXmme0oJ1YdpnI8uAOa6Xis4SRNBNP9aPQRQFvhYtNw0OCuVCYntkxxaMdBTYjR1BafRBRAJtrFxKwFGuwDPMirRrb4K9ORoLQE7uB6vVT3jX-bQ6sY_TVwc59YH1AoNHr-vnfF6YrpCdQCj&ch=1qdNYaLtGvRRmK7vMnYeRWj7CkW42eVXlnxvfDMNFwJDfhoizaDYJw%3D%3D,0,19,57,364,0,0.156593407,1,0,-1,0,0,r20.rs6.net,2,3,6,0,0.5,1,0,/tn.jsp,2,0,5,0,0,c=dfcvE4qwBj8lBBsteYcaf0CZU6rjPiuZVZScmcPeuyRRfKhlEfx7Vg%3D%3D&f=001zy1ZymDqd9IC7rqJ0Robad9IPrdd2Klo2mEGpJDt7aJj2EItoTfKqnGwfcluZpZUlCnfEYSZGKnH5WYy7QzSSh6nT5y6NmO-j4mfQ4ozGgNwVf_oL-mmu6liTmT3i5LMTNFfJS-I-VTxjamzQXmme0oJ1YdpnI8uAOa6Xis4SRNBNP9aPQRQFvhYtNw0OCuVCYntkxxaMdBTYjR1BafRBRAJtrFxKwFGuwDPMirRrb4K9ORoLQE7uB6vVT3jX-bQ6sY_TVwc59YH1AoNHr-vnfF6YrpCdQCj&ch=1qdNYaLtGvRRmK7vMnYeRWj7CkW42eVXlnxvfDMNFwJDfhoizaDYJw%3D%3D,11,54,349,0,0.154727794,"['dfcvE4qwBj8lBBsteYcaf0CZU6rjPiuZVZScmcPeuyRRfKhlEfx7Vg==', '001zy1ZymDqd9IC7rqJ0Robad9IPrdd2Klo2mEGpJDt7aJj2EItoTfKqnGwfcluZpZUlCnfEYSZGKnH5WYy7QzSSh6nT5y6NmO-j4mfQ4ozGgNwVf_oL-mmu6liTmT3i5LMTNFfJS-I-VTxjamzQXmme0oJ1YdpnI8uAOa6Xis4SRNBNP9aPQRQFvhYtNw0OCuVCYntkxxaMdBTYjR1BafRBRAJtrFxKwFGuwDPMirRrb4K9ORoLQE7uB6vVT3jX-bQ6sY_TVwc59YH1AoNHr-vnfF6YrpCdQCj', '1qdNYaLtGvRRmK7vMnYeRWj7CkW42eVXlnxvfDMNFwJDfhoizaDYJw==']",403,134.3333333,291,341,16.66666667,113.6666667,0,0,4,1.333333333,2,4,0,1.333333333,0,0,,0,0,0,0,0,jsp,0,0,3,0,0,0
101,http://vq.ag/sOkiUT,0,5,0,14,0,0,0,0,-1,0,0,vq.ag,1,0,4,0,0,0,0,/sOkiUT,1,0,6,0,0,,0,0,0,0,0,[],0,0,0,0,0,0,0,0,0,0,0,0,0,0,0,0,,0,0,0,0,0,,0,0,0,0,0,0
102,https://twitter.com/BoomrushBackup/?utm_campaign=18KW15.1EN-Radio&utm_medium=18KW15.1EN-Radio&utm_source=Newsletter,0,17,10,86,0,0.11627907,0,1,-1,0,0,twitter.com,1,0,10,0,0,0,0,/BoomrushBackup/,2,0,14,0,0,utm_campaign=18KW15.1EN-Radio&utm_medium=18KW15.1EN-Radio&utm_source=Newsletter,10,10,57,0,0.175438596,"['18KW15.1EN-Radio', '18KW15.1EN-Radio', 'Newsletter']",42,14,16,28,3.333333333,9.333333333,0,0,32,10.66666667,12,29,0,9.666666667,0,0,,0,0,0,0,0,,0,0,0,0,0,0
103,https://www.youtube.com/user/boomrushbackup/?utm_campaign=18KW15.1EN-Radio&utm_medium=18KW15.1EN-Radio&utm_source=Newsletter,0,19,10,93,0,0.107526882,0,1,-1,0,0,www.youtube.com,2,0,13,0,0,1,0,/user/boomrushbackup/,3,0,18,0,0,utm_campaign=18KW15.1EN-Radio&utm_medium=18KW15.1EN-Radio&utm_source=Newsletter,10,10,57,0,0.175438596,"['18KW15.1EN-Radio', '18KW15.1EN-Radio', 'Newsletter']",42,14,16,28,3.333333333,9.333333333,0,0,32,10.66666667,12,29,0,9.666666667,0,0,,0,0,0,0,0,,0,0,0,0,0,0
104,https://www.facebook.com/boomrushproductions/?utm_campaign=18KW15.1EN-Radio&utm_medium=18KW15.1EN-Radio&utm_source=Newsletter,0,18,10,95,0,0.105263158,0,1,-1,0,0,www.facebook.com,2,0,14,0,0,1,0,/boomrushproductions/,2,0,19,0,0,utm_campaign=18KW15.1EN-Radio&utm_medium=18KW15.1EN-Radio&utm_source=Newsletter,10,10,57,0,0.175438596,"['18KW15.1EN-Radio', '18KW15.1EN-Radio', 'Newsletter']",42,14,16,28,3.333333333,9.333333333,0,0,32,10.66666667,12,29,0,9.666666667,0,0,,0,0,0,0,0,,0,0,0,0,0,0
105,http://r20.rs6.net/tn.jsp?c=dfcvE4qwBj8lBBsteYcaf0CZU6rjPiuZVZScmcPeuyRRfKhlEfx7Vg%3D%3D&f=001zy1ZymDqd9IC7rqJ0Robad9IPrdd2Klo2mEGpJDt7aJj2EItoTfKqkkk_2GSSBpYqRPT1G9kcpkmjYYdyjnwWVwSttCljYK6T07Kodp0V3J90K19yZo0D3lojlDyZhvxezA9_8kTLil0fYXUuw23khRO8lc0RIqzROc0QVBEqT9mT-1pkxJUFM_KJXOQwm33&ch=1qdNYaLtGvRRmK7vMnYeRWj7CkW42eVXlnxvfDMNFwJDfhoizaDYJw%3D%3D,0,15,55,274,0,0.200729927,1,0,-1,0,0,r20.rs6.net,2,3,6,0,0.5,1,0,/tn.jsp,2,0,5,0,0,c=dfcvE4qwBj8lBBsteYcaf0CZU6rjPiuZVZScmcPeuyRRfKhlEfx7Vg%3D%3D&f=001zy1ZymDqd9IC7rqJ0Robad9IPrdd2Klo2mEGpJDt7aJj2EItoTfKqkkk_2GSSBpYqRPT1G9kcpkmjYYdyjnwWVwSttCljYK6T07Kodp0V3J90K19yZo0D3lojlDyZhvxezA9_8kTLil0fYXUuw23khRO8lc0RIqzROc0QVBEqT9mT-1pkxJUFM_KJXOQwm33&ch=1qdNYaLtGvRRmK7vMnYeRWj7CkW42eVXlnxvfDMNFwJDfhoizaDYJw%3D%3D,7,52,259,0,0.200772201,"['dfcvE4qwBj8lBBsteYcaf0CZU6rjPiuZVZScmcPeuyRRfKhlEfx7Vg==', '001zy1ZymDqd9IC7rqJ0Robad9IPrdd2Klo2mEGpJDt7aJj2EItoTfKqkkk_2GSSBpYqRPT1G9kcpkmjYYdyjnwWVwSttCljYK6T07Kodp0V3J90K19yZo0D3lojlDyZhvxezA9_8kTLil0fYXUuw23khRO8lc0RIqzROc0QVBEqT9mT-1pkxJUFM_KJXOQwm33', '1qdNYaLtGvRRmK7vMnYeRWj7CkW42eVXlnxvfDMNFwJDfhoizaDYJw==']",307,102.3333333,195,251,16,83.66666667,0,0,4,1.333333333,2,4,0,1.333333333,0,0,,0,0,0,0,0,jsp,0,0,3,0,0,0
106,http://makingincometoday.us/6gsx?c=3D106668045,0,7,11,28,0,0.392857143,0,0,-1,0,0,makingincometoday.us,1,0,19,0,0,0,0,/6gsx,1,1,3,0,0.333333333,c=3D106668045,1,10,2,0,5,['3D106668045'],11,11,11,1,10,1,0,0,1,1,1,1,0,1,0,0,,0,0,0,0,0,,0,0,0,0,0,0
107,http://www.makingincometoday.us/6gsx?c=3D106668045,0,8,11,31,0,0.35483871,0,0,-1,0,0,www.makingincometoday.us,2,0,22,0,0,1,0,/6gsx,1,1,3,0,0.333333333,c=3D106668045,1,10,2,0,5,['3D106668045'],11,11,11,1,10,1,0,0,1,1,1,1,0,1,0,0,,0,0,0,0,0,,0,0,0,0,0,0
108,http://iClickInteractive.ltroute.com/click.track?CID=406209&AFID=422738&SID=4.12.18--fam1--4.13.18&c=3D106668045,0,20,33,56,0,0.589285714,0,0,-1,0,0,iClickInteractive.ltroute.com,2,0,27,0,0,1,0,/click.track,2,0,10,0,0,CID=406209&AFID=422738&SID=4.12.18--fam1--4.13.18&c=3D106668045,12,33,15,0,2.2,"['406209', '422738', '4.12.18--fam1--4.13.18', '3D106668045']",45,11.25,22,4,8.25,1,0,0,11,2.75,4,11,0,2.75,0,0,,0,0,0,0,0,track,0,0,5,0,0,0
109,http://www.tb.mu/WiB3yK,0,6,1,16,0,0.0625,0,0,-1,0,0,www.tb.mu,2,0,7,0,0,1,0,/WiB3yK,1,1,5,0,0.2,,0,0,0,0,0,[],0,0,0,0,0,0,0,0,0,0,0,0,0,0,0,0,,0,0,0,0,0,,0,0,0,0,0,0
110,http://www.tb.mu/WiB3KX,0,6,1,16,0,0.0625,0,0,-1,0,0,www.tb.mu,2,0,7,0,0,1,0,/WiB3KX,1,1,5,0,0.2,,0,0,0,0,0,[],0,0,0,0,0,0,0,0,0,0,0,0,0,0,0,0,,0,0,0,0,0,,0,0,0,0,0,0
111,http://scenafun.com,0,4,0,15,0,0,0,0,-1,0,0,scenafun.com,1,0,11,0,0,0,0,,0,0,0,0,0,,0,0,0,0,0,[],0,0,0,0,0,0,0,0,0,0,0,0,0,0,0,0,,0,0,0,0,0,,0,0,0,0,0,0
112,http://znq06track.com/?a=1612&oc=26729&c=56945&m=13&s1=68_&s2=21118358&s3=373&xt=df21ccef-966d-42bf-bd05-d67838335ccc,0,19,51,40,0,1.275,0,0,-1,0,0,znq06track.com,1,2,11,0,0.181818182,0,0,/,1,0,0,0,0,a=1612&oc=26729&c=56945&m=13&s1=68_&s2=21118358&s3=373&xt=df21ccef-966d-42bf-bd05-d67838335ccc,13,49,25,0,1.96,"['1612', '26729', '56945', '13', '68_', '21118358', '373', 'df21ccef-966d-42bf-bd05-d67838335ccc']",66,8.25,36,15,5.75,1.875,0,0,13,1.625,2,10,0.375,1.25,0,0,,0,0,0,0,0,,0,0,0,0,0,0
113,http://www.tjva.aodyea.men/philippe-daoust/,0,9,0,34,0,0,0,0,-1,0,0,www.tjva.aodyea.men,3,0,16,0,0,1,0,/philippe-daoust/,3,0,14,0,0,,0,0,0,0,0,[],0,0,0,0,0,0,0,0,0,0,0,0,0,0,0,0,,0,0,0,0,0,,0,0,0,0,0,0
114,http://securecloud-dt.com/?a=45478&c=169878&s1=kp,0,10,12,25,0,0.48,0,0,-1,0,0,securecloud-dt.com,2,0,16,0,0,0,0,/,1,0,0,0,0,a=45478&c=169878&s1=kp,3,12,5,0,2.4,"['45478', '169878', 'kp']",13,4.333333333,6,2,3.666666667,0.666666667,0,0,4,1.333333333,2,3,0.333333333,1,0,0,,0,0,0,0,0,,0,0,0,0,0,0
115,https://m.iamnaughty.com/aff.php?dynamicpage=iamn_mlp_5st_ver_a&utm_source=cpa&md=32&utm_medium=mob&utm_campaign=cdmob&utm_term=iamnaca&utm_content=45478&data2=7c76e50ca2ab4362ba0c2c04e3148a0e_12239&data3=kp&data4=,0,28,35,142,0,0.246478873,0,1,-1,0,0,m.iamnaughty.com,2,0,14,0,0,1,0,/aff.php,2,0,6,0,0,dynamicpage=iamn_mlp_5st_ver_a&utm_source=cpa&md=32&utm_medium=mob&utm_campaign=cdmob&utm_term=iamnaca&utm_content=45478&data2=7c76e50ca2ab4362ba0c2c04e3148a0e_12239&data3=kp&data4=,20,35,117,0,0.299145299,"['iamn_mlp_5st_ver_a', 'cpa', '32', 'mob', 'cdmob', 'iamnaca', '45478', '7c76e50ca2ab4362ba0c2c04e3148a0e_12239', 'kp']",83,9.222222222,38,46,3.555555556,5.111111111,0,0,74,8.222222222,12,67,0.222222222,7.444444444,0,0,,0,0,0,0,0,php,0,0,3,0,0,0
116,https://iamnaughty.com/aff.php?dynamicpage=iamn_mlp_5st_ver_a&utm_source=cpa&md=32&utm_medium=mob&utm_campaign=cdmob&utm_term=iamnaca&utm_content=45478&data2=7c76e50ca2ab4362ba0c2c04e3148a0e_12239&data3=kp&data4=,0,27,35,141,0,0.24822695,0,1,-1,0,0,iamnaughty.com,1,0,13,0,0,0,0,/aff.php,2,0,6,0,0,dynamicpage=iamn_mlp_5st_ver_a&utm_source=cpa&md=32&utm_medium=mob&utm_campaign=cdmob&utm_term=iamnaca&utm_content=45478&data2=7c76e50ca2ab4362ba0c2c04e3148a0e_12239&data3=kp&data4=,20,35,117,0,0.299145299,"['iamn_mlp_5st_ver_a', 'cpa', '32', 'mob', 'cdmob', 'iamnaca', '45478', '7c76e50ca2ab4362ba0c2c04e3148a0e_12239', 'kp']",83,9.222222222,38,46,3.555555556,5.111111111,0,0,74,8.222222222,12,67,0.222222222,7.444444444,0,0,,0,0,0,0,0,php,0,0,3,0,0,0
117,http://securessl-dt.com?a=45478&c=81127&oc=13817&sr=t&rc=24_66011&s1=kp&ref=http%3A%2F%2Fow.ly%2FESQO30jsNzg,0,15,29,54,0,0.537037037,1,0,-1,0,0,securessl-dt.com,2,0,14,0,0,0,0,,0,0,0,0,0,a=45478&c=81127&oc=13817&sr=t&rc=24_66011&s1=kp&ref=http%3A%2F%2Fow.ly%2FESQO30jsNzg,9,29,36,0,0.805555556,"['45478', '81127', '13817', 't', '24_66011', 'kp', 'http://ow.ly/ESQO30jsNzg']",50,7.142857143,24,20,3.428571429,2.857142857,0,0,13,1.857142857,3,12,0.142857143,1.714285714,0,0,,0,0,0,0,0,,0,0,0,0,0,0
118,http://m.iamnaughty.com/aff.php?dynamicpage=iamn_mlp_5st_ver_a&utm_source=cpa&md=32&utm_medium=mob&utm_campaign=cdmob&utm_term=iamnaca&utm_content=45478&data2=7c76e50ca2ab4362ba0c2c04e3148a0e_12239&data3=kp&data4=#price#,0,30,35,146,0,0.239726027,0,0,-1,0,0,m.iamnaughty.com,2,0,14,0,0,1,0,/aff.php,2,0,6,0,0,dynamicpage=iamn_mlp_5st_ver_a&utm_source=cpa&md=32&utm_medium=mob&utm_campaign=cdmob&utm_term=iamnaca&utm_content=45478&data2=7c76e50ca2ab4362ba0c2c04e3148a0e_12239&data3=kp&data4=,20,35,117,0,0.299145299,"['iamn_mlp_5st_ver_a', 'cpa', '32', 'mob', 'cdmob', 'iamnaca', '45478', '7c76e50ca2ab4362ba0c2c04e3148a0e_12239', 'kp']",83,9.222222222,38,46,3.555555556,5.111111111,0,0,74,8.222222222,12,67,0.222222222,7.444444444,0,0,price#,1,0,5,0,0,php,0,0,3,0,0,0
119,http://www.adlist24.com:/,0,7,2,16,0,0.125,0,0,-1,0,0,www.adlist24.com:,3,2,12,0,0.166666667,1,0,/,1,0,0,0,0,,0,0,0,0,0,[],0,0,0,0,0,0,0,0,0,0,0,0,0,0,0,0,,0,0,0,0,0,,0,0,0,0,0,0
120,http://www.tb.mu/WiB3BH,0,6,1,16,0,0.0625,0,0,-1,0,0,www.tb.mu,2,0,7,0,0,1,0,/WiB3BH,1,1,5,0,0.2,,0,0,0,0,0,[],0,0,0,0,0,0,0,0,0,0,0,0,0,0,0,0,,0,0,0,0,0,,0,0,0,0,0,0
121,http://www.tb.mu/WiB3Ik,0,6,1,16,0,0.0625,0,0,-1,0,0,www.tb.mu,2,0,7,0,0,1,0,/WiB3Ik,1,1,5,0,0.2,,0,0,0,0,0,[],0,0,0,0,0,0,0,0,0,0,0,0,0,0,0,0,,0,0,0,0,0,,0,0,0,0,0,0
122,http://www.tb.mu/WiB3IO,0,6,1,16,0,0.0625,0,0,-1,0,0,www.tb.mu,2,0,7,0,0,1,0,/WiB3IO,1,1,5,0,0.2,,0,0,0,0,0,[],0,0,0,0,0,0,0,0,0,0,0,0,0,0,0,0,,0,0,0,0,0,,0,0,0,0,0,0
123,http://www.tb.mu/WiB3P4,0,6,2,15,0,0.133333333,0,0,-1,0,0,www.tb.mu,2,0,7,0,0,1,0,/WiB3P4,1,2,4,0,0.5,,0,0,0,0,0,[],0,0,0,0,0,0,0,0,0,0,0,0,0,0,0,0,,0,0,0,0,0,,0,0,0,0,0,0
124,http://www.tb.mu/WiB3PI,0,6,1,16,0,0.0625,0,0,-1,0,0,www.tb.mu,2,0,7,0,0,1,0,/WiB3PI,1,1,5,0,0.2,,0,0,0,0,0,[],0,0,0,0,0,0,0,0,0,0,0,0,0,0,0,0,,0,0,0,0,0,,0,0,0,0,0,0
125,http://cryptocurrencyinstitute.org/ezGprodurl.php?hop=apahorg,0,8,0,53,0,0,0,0,-1,0,0,cryptocurrencyinstitute.org,1,0,26,0,0,0,0,/ezGprodurl.php,2,0,13,0,0,hop=apahorg,1,0,10,0,0,['apahorg'],7,7,7,7,0,7,0,0,3,3,3,3,0,3,0,0,,0,0,0,0,0,php,0,0,3,0,0,0
126,http://vbs.cm/r3NwDc,0,5,1,14,0,0.071428571,0,0,-1,0,0,vbs.cm,1,0,5,0,0,0,0,/r3NwDc,1,1,5,0,0.2,,0,0,0,0,0,[],0,0,0,0,0,0,0,0,0,0,0,0,0,0,0,0,,0,0,0,0,0,,0,0,0,0,0,0
127,http://ow.ly/uvQS30jtw0v=20,0,6,5,16,0,0.3125,0,0,-1,0,0,ow.ly,1,0,4,0,0,0,0,/uvQS30jtw0v=20,2,5,8,0,0.625,,0,0,0,0,0,[],0,0,0,0,0,0,0,0,0,0,0,0,0,0,0,0,,0,0,0,0,0,,0,0,0,0,0,0
128,http://ef6087t8ie663sa44syf0esl2x.hop.clickbank.net/?tid=4.11.18--FAM3--4.13.18,0,17,23,39,0,0.58974359,0,0,-1,0,0,ef6087t8ie663sa44syf0esl2x.hop.clickbank.net,3,12,29,0,0.413793103,1,0,/,1,0,0,0,0,tid=4.11.18--FAM3--4.13.18,9,11,6,0,1.833333333,['4.11.18--FAM3--4.13.18'],22,22,22,3,11,3,0,0,3,3,3,3,0,3,0,0,,0,0,0,0,0,,0,0,0,0,0,0
129,http://m.iamnaughty.com/aff.php?dynamicpage=iamn_mlp_5st_ver_a&utm_source=cpa&md=32&utm_medium=mob&utm_campaign=cdmob&utm_term=iamnaca&utm_content=61765&data2=8b94e7818ee54e53a32428d48bf87baf_12239&data3=&data4=#price#,0,30,36,143,0,0.251748252,0,0,-1,0,0,m.iamnaughty.com,2,0,14,0,0,1,0,/aff.php,2,0,6,0,0,dynamicpage=iamn_mlp_5st_ver_a&utm_source=cpa&md=32&utm_medium=mob&utm_campaign=cdmob&utm_term=iamnaca&utm_content=61765&data2=8b94e7818ee54e53a32428d48bf87baf_12239&data3=&data4=,20,36,114,0,0.315789474,"['iamn_mlp_5st_ver_a', 'cpa', '32', 'mob', 'cdmob', 'iamnaca', '61765', '8b94e7818ee54e53a32428d48bf87baf_12239']",81,10.125,38,43,4.125,5.375,0,0,69,8.625,12,63,0.125,7.875,0,0,price#,1,0,5,0,0,php,0,0,3,0,0,0
130,http://cpaclimax.go2cloud.org/aff_c?offer_id=40&aff_id=1022,0,12,7,39,0,0.179487179,0,0,-1,0,0,cpaclimax.go2cloud.org,2,1,19,0,0.052631579,1,0,/aff_c,2,0,4,0,0,offer_id=40&aff_id=1022,4,6,12,0,0.5,"['40', '1022']",6,3,4,0,3,0,0,0,14,7,8,12,0,6,0,0,,0,0,0,0,0,,0,0,0,0,0,0
131,https://m.iamnaughty.com/aff.php?dynamicpage=iamn_mlp_5st_ver_a&utm_source=cpa&md=32&utm_medium=mob&utm_campaign=cdmob&utm_term=iamnaca&utm_content=61765&data2=8b94e7818ee54e53a32428d48bf87baf_12239&data3=&data4=,0,28,36,139,0,0.258992806,0,1,-1,0,0,m.iamnaughty.com,2,0,14,0,0,1,0,/aff.php,2,0,6,0,0,dynamicpage=iamn_mlp_5st_ver_a&utm_source=cpa&md=32&utm_medium=mob&utm_campaign=cdmob&utm_term=iamnaca&utm_content=61765&data2=8b94e7818ee54e53a32428d48bf87baf_12239&data3=&data4=,20,36,114,0,0.315789474,"['iamn_mlp_5st_ver_a', 'cpa', '32', 'mob', 'cdmob', 'iamnaca', '61765', '8b94e7818ee54e53a32428d48bf87baf_12239']",81,10.125,38,43,4.125,5.375,0,0,69,8.625,12,63,0.125,7.875,0,0,,0,0,0,0,0,php,0,0,3,0,0,0
132,http://securessl-dt.com?a=61765&c=81127&oc=13817&sr=t&rc=24_8073&s2=102df38a7add0c00ea9ea83d23b9af&ref=http%3A%2F%2Fcpaclimax.go2cloud.org%2Faff_c%3Foffer_id%3D40%26aff_id%3D1022,0,19,53,92,0,0.576086957,1,0,-1,0,0,securessl-dt.com,2,0,14,0,0,0,0,,0,0,0,0,0,a=61765&c=81127&oc=13817&sr=t&rc=24_8073&s2=102df38a7add0c00ea9ea83d23b9af&ref=http%3A%2F%2Fcpaclimax.go2cloud.org%2Faff_c%3Foffer_id%3D40%26aff_id%3D1022,13,53,74,0,0.716216216,"['61765', '81127', '13817', 't', '24_8073', '102df38a7add0c00ea9ea83d23b9af', 'http://cpaclimax.go2cloud.org/aff_c?offer_id=40&aff_id=1022']",112,16,59,55,6.142857143,7.857142857,0,0,13,1.857142857,3,12,0.142857143,1.714285714,0,0,,0,0,0,0,0,,0,0,0,0,0,0
133,http://securecloud-dt.com/?a=61765&c=67895&s2=102df38a7add0c00ea9ea83d23b9af,0,10,26,38,0,0.684210526,0,0,-1,0,0,securecloud-dt.com,2,0,16,0,0,0,0,/,1,0,0,0,0,a=61765&c=67895&s2=102df38a7add0c00ea9ea83d23b9af,3,26,18,0,1.444444444,"['61765', '67895', '102df38a7add0c00ea9ea83d23b9af']",40,13.33333333,30,15,8.333333333,5,0,0,4,1.333333333,2,3,0.333333333,1,0,0,,0,0,0,0,0,,0,0,0,0,0,0
134,https://iamnaughty.com/aff.php?dynamicpage=iamn_mlp_5st_ver_a&utm_source=cpa&md=32&utm_medium=mob&utm_campaign=cdmob&utm_term=iamnaca&utm_content=61765&data2=8b94e7818ee54e53a32428d48bf87baf_12239&data3=&data4=,0,27,36,138,0,0.260869565,0,1,-1,0,0,iamnaughty.com,1,0,13,0,0,0,0,/aff.php,2,0,6,0,0,dynamicpage=iamn_mlp_5st_ver_a&utm_source=cpa&md=32&utm_medium=mob&utm_campaign=cdmob&utm_term=iamnaca&utm_content=61765&data2=8b94e7818ee54e53a32428d48bf87baf_12239&data3=&data4=,20,36,114,0,0.315789474,"['iamn_mlp_5st_ver_a', 'cpa', '32', 'mob', 'cdmob', 'iamnaca', '61765', '8b94e7818ee54e53a32428d48bf87baf_12239']",81,10.125,38,43,4.125,5.375,0,0,69,8.625,12,63,0.125,7.875,0,0,,0,0,0,0,0,php,0,0,3,0,0,0
135,http://vq.ag/8DVkLQ,0,5,1,13,0,0.076923077,0,0,-1,0,0,vq.ag,1,0,4,0,0,0,0,/8DVkLQ,1,1,5,0,0.2,,0,0,0,0,0,[],0,0,0,0,0,0,0,0,0,0,0,0,0,0,0,0,,0,0,0,0,0,,0,0,0,0,0,0
136,http://securessl-dt.com?a=62085&c=81127&oc=13817&sr=t&rc=24_66011&s1=kp&ref=http%3A%2F%2Fow.ly%2Fr8z630jtWpT,0,15,31,52,0,0.596153846,1,0,-1,0,0,securessl-dt.com,2,0,14,0,0,0,0,,0,0,0,0,0,a=62085&c=81127&oc=13817&sr=t&rc=24_66011&s1=kp&ref=http%3A%2F%2Fow.ly%2Fr8z630jtWpT,9,31,34,0,0.911764706,"['62085', '81127', '13817', 't', '24_66011', 'kp', 'http://ow.ly/r8z630jtWpT']",50,7.142857143,24,18,3.714285714,2.571428571,0,0,13,1.857142857,3,12,0.142857143,1.714285714,0,0,,0,0,0,0,0,,0,0,0,0,0,0
137,http://securecloud-dt.com/?a=62085&c=169879&s1=kp,0,10,12,25,0,0.48,0,0,-1,0,0,securecloud-dt.com,2,0,16,0,0,0,0,/,1,0,0,0,0,a=62085&c=169879&s1=kp,3,12,5,0,2.4,"['62085', '169879', 'kp']",13,4.333333333,6,2,3.666666667,0.666666667,0,0,4,1.333333333,2,3,0.333333333,1,0,0,,0,0,0,0,0,,0,0,0,0,0,0
138,http://m.iamnaughty.com/aff.php?dynamicpage=iamn_mlp_5st_ver_a&utm_source=cpa&md=32&utm_medium=mob&utm_campaign=cdmob&utm_term=iamnaca&utm_content=62085&data2=adb4c7abf7104ddf83ebb8d2fc9880fe_12239&data3=kp&data4=#price#,0,30,30,151,0,0.198675497,0,0,-1,0,0,m.iamnaughty.com,2,0,14,0,0,1,0,/aff.php,2,0,6,0,0,dynamicpage=iamn_mlp_5st_ver_a&utm_source=cpa&md=32&utm_medium=mob&utm_campaign=cdmob&utm_term=iamnaca&utm_content=62085&data2=adb4c7abf7104ddf83ebb8d2fc9880fe_12239&data3=kp&data4=,20,30,122,0,0.245901639,"['iamn_mlp_5st_ver_a', 'cpa', '32', 'mob', 'cdmob', 'iamnaca', '62085', 'adb4c7abf7104ddf83ebb8d2fc9880fe_12239', 'kp']",83,9.222222222,38,51,3,5.666666667,0,0,74,8.222222222,12,67,0.222222222,7.444444444,0,0,price#,1,0,5,0,0,php,0,0,3,0,0,0
139,http://perlelux.com,0,4,0,15,0,0,0,0,-1,0,0,perlelux.com,1,0,11,0,0,0,0,,0,0,0,0,0,,0,0,0,0,0,[],0,0,0,0,0,0,0,0,0,0,0,0,0,0,0,0,,0,0,0,0,0,,0,0,0,0,0,0
140,http://ow.ly/r8z630jtWpT,0,5,4,15,0,0.266666667,0,0,-1,0,0,ow.ly,1,0,4,0,0,0,0,/r8z630jtWpT,1,4,7,0,0.571428571,,0,0,0,0,0,[],0,0,0,0,0,0,0,0,0,0,0,0,0,0,0,0,,0,0,0,0,0,,0,0,0,0,0,0
141,https://perlelux.com/,0,5,0,16,0,0,0,1,-1,0,0,perlelux.com,1,0,11,0,0,0,0,/,1,0,0,0,0,,0,0,0,0,0,[],0,0,0,0,0,0,0,0,0,0,0,0,0,0,0,0,,0,0,0,0,0,,0,0,0,0,0,0
142,https://m.iamnaughty.com/aff.php?dynamicpage=iamn_mlp_5st_ver_a&utm_source=cpa&md=32&utm_medium=mob&utm_campaign=cdmob&utm_term=iamnaca&utm_content=62085&data2=adb4c7abf7104ddf83ebb8d2fc9880fe_12239&data3=kp&data4=,0,28,30,147,0,0.204081633,0,1,-1,0,0,m.iamnaughty.com,2,0,14,0,0,1,0,/aff.php,2,0,6,0,0,dynamicpage=iamn_mlp_5st_ver_a&utm_source=cpa&md=32&utm_medium=mob&utm_campaign=cdmob&utm_term=iamnaca&utm_content=62085&data2=adb4c7abf7104ddf83ebb8d2fc9880fe_12239&data3=kp&data4=,20,30,122,0,0.245901639,"['iamn_mlp_5st_ver_a', 'cpa', '32', 'mob', 'cdmob', 'iamnaca', '62085', 'adb4c7abf7104ddf83ebb8d2fc9880fe_12239', 'kp']",83,9.222222222,38,51,3,5.666666667,0,0,74,8.222222222,12,67,0.222222222,7.444444444,0,0,,0,0,0,0,0,php,0,0,3,0,0,0
143,http://www.tb.mu/WiB3oB,0,6,1,16,0,0.0625,0,0,-1,0,0,www.tb.mu,2,0,7,0,0,1,0,/WiB3oB,1,1,5,0,0.2,,0,0,0,0,0,[],0,0,0,0,0,0,0,0,0,0,0,0,0,0,0,0,,0,0,0,0,0,,0,0,0,0,0,0
144,http://www.tb.mu/WiB3w8,0,6,2,15,0,0.133333333,0,0,-1,0,0,www.tb.mu,2,0,7,0,0,1,0,/WiB3w8,1,2,4,0,0.5,,0,0,0,0,0,[],0,0,0,0,0,0,0,0,0,0,0,0,0,0,0,0,,0,0,0,0,0,,0,0,0,0,0,0
145,http://www.tb.mu/WiB3oS,0,6,1,16,0,0.0625,0,0,-1,0,0,www.tb.mu,2,0,7,0,0,1,0,/WiB3oS,1,1,5,0,0.2,,0,0,0,0,0,[],0,0,0,0,0,0,0,0,0,0,0,0,0,0,0,0,,0,0,0,0,0,,0,0,0,0,0,0
146,http://vbs.cm/X3cwXe,0,5,1,14,0,0.071428571,0,0,-1,0,0,vbs.cm,1,0,5,0,0,0,0,/X3cwXe,1,1,5,0,0.2,,0,0,0,0,0,[],0,0,0,0,0,0,0,0,0,0,0,0,0,0,0,0,,0,0,0,0,0,,0,0,0,0,0,0
147,http://www.makemoneyindex.us/vthw?c=3D108546973,0,8,10,29,0,0.344827586,0,0,-1,0,0,www.makemoneyindex.us,2,0,19,0,0,1,0,/vthw,1,0,4,0,0,c=3D108546973,1,10,2,0,5,['3D108546973'],11,11,11,1,10,1,0,0,1,1,1,1,0,1,0,0,,0,0,0,0,0,,0,0,0,0,0,0
148,http://cryptocurrencyinstitute.org/vsl/get-crypto.php?hop=apahorg,0,10,0,55,0,0,0,0,-1,0,0,cryptocurrencyinstitute.org,1,0,26,0,0,0,0,/vsl/get-crypto.php,4,0,15,0,0,hop=apahorg,1,0,10,0,0,['apahorg'],7,7,7,7,0,7,0,0,3,3,3,3,0,3,0,0,,0,0,0,0,0,php,0,0,3,0,0,0
149,https://smsbroadcaster-production.herokuapp.com/click?b=1352&l=aHR0cDovL2VmNjA4N3Q4aWU2NjNzYTQ0c3lmMGVzbDJ4LmhvcC5jbGlja2JhbmsubmV0Lz90aWQ9NC4xMS4xOC0tRkFNMy0tNC4xMy4xOA==&c=3D108546973,0,13,35,135,0,0.259259259,0,1,-1,0,0,smsbroadcaster-production.herokuapp.com,3,0,36,0,0,1,0,/click,1,0,5,0,0,b=1352&l=aHR0cDovL2VmNjA4N3Q4aWU2NjNzYTQ0c3lmMGVzbDJ4LmhvcC5jbGlja2JhbmsubmV0Lz90aWQ9NC4xMS4xOC0tRkFNMy0tNC4xMy4xOA==&c=3D108546973,5,35,89,0,0.393258427,"['1352', 'aHR0cDovL2VmNjA4N3Q4aWU2NjNzYTQ0c3lmMGVzbDJ4LmhvcC5jbGlja2JhbmsubmV0Lz90aWQ9NC4xMS4xOC0tRkFNMy0tNC4xMy4xOA==', '3D108546973']",123,41,108,86,11.66666667,28.66666667,0,0,3,1,1,3,0,1,0,0,,0,0,0,0,0,,0,0,0,0,0,0
150,http://makemoneyindex.us/vthw?c=3D108546973,0,7,10,26,0,0.384615385,0,0,-1,0,0,makemoneyindex.us,1,0,16,0,0,0,0,/vthw,1,0,4,0,0,c=3D108546973,1,10,2,0,5,['3D108546973'],11,11,11,1,10,1,0,0,1,1,1,1,0,1,0,0,,0,0,0,0,0,,0,0,0,0,0,0
151,http://findherco.org,0,4,0,16,0,0,0,0,-1,0,0,findherco.org,1,0,12,0,0,0,0,,0,0,0,0,0,,0,0,0,0,0,[],0,0,0,0,0,0,0,0,0,0,0,0,0,0,0,0,,0,0,0,0,0,,0,0,0,0,0,0
152,http://www.fbquesti.com/d5e860e1-085e-4a68-9d6f-6c718904b7d7,0,10,22,28,0,0.785714286,0,0,-1,0,0,www.fbquesti.com,2,0,14,0,0,1,0,/d5e860e1-085e-4a68-9d6f-6c718904b7d7,5,22,10,0,2.2,,0,0,0,0,0,[],0,0,0,0,0,0,0,0,0,0,0,0,0,0,0,0,,0,0,0,0,0,,0,0,0,0,0,0
153,http://oiruq.top,0,4,0,12,0,0,0,0,-1,0,0,oiruq.top,1,0,8,0,0,0,0,,0,0,0,0,0,,0,0,0,0,0,[],0,0,0,0,0,0,0,0,0,0,0,0,0,0,0,0,,0,0,0,0,0,,0,0,0,0,0,0
154,http://tapg.co/2ASH,0,5,1,13,0,0.076923077,0,0,-1,0,0,tapg.co,1,0,6,0,0,0,0,/2ASH,1,1,3,0,0.333333333,,0,0,0,0,0,[],0,0,0,0,0,0,0,0,0,0,0,0,0,0,0,0,,0,0,0,0,0,,0,0,0,0,0,0
155,http://tapg.co/2Ab8,0,5,2,12,0,0.166666667,0,0,-1,0,0,tapg.co,1,0,6,0,0,0,0,/2Ab8,1,2,2,0,1,,0,0,0,0,0,[],0,0,0,0,0,0,0,0,0,0,0,0,0,0,0,0,,0,0,0,0,0,,0,0,0,0,0,0
156,http://tapg.co/2A6C,0,5,2,12,0,0.166666667,0,0,-1,0,0,tapg.co,1,0,6,0,0,0,0,/2A6C,1,2,2,0,1,,0,0,0,0,0,[],0,0,0,0,0,0,0,0,0,0,0,0,0,0,0,0,,0,0,0,0,0,,0,0,0,0,0,0
157,http://www.casino.com/ca/?,0,8,0,18,0,0,0,0,-1,0,0,www.casino.com,2,0,12,0,0,1,0,/ca/,2,0,2,0,0,,0,0,0,0,0,[],0,0,0,0,0,0,0,0,0,0,0,0,0,0,0,0,,0,0,0,0,0,,0,0,0,0,0,0
158,http://offer.vipbonusclub.com/ca-cb-casino-sms/?c1=campaign-cb-smsedge&c2=18322&c3=14168059439&c4=CA-Casino-2018-04-13&c5=7990-0414-44572985355,0,24,48,67,0,0.71641791,0,0,-1,0,0,offer.vipbonusclub.com,2,0,20,0,0,1,0,/ca-cb-casino-sms/,5,0,13,0,0,c1=campaign-cb-smsedge&c2=18322&c3=14168059439&c4=CA-Casino-2018-04-13&c5=7990-0414-44572985355,13,48,30,0,1.6,"['campaign-cb-smsedge', '18322', '14168059439', 'CA-Casino-2018-04-13', '7990-0414-44572985355']",76,15.2,21,25,8.6,5,0,0,10,2,2,5,1,1,0,0,,0,0,0,0,0,,0,0,0,0,0,0
159,http://tapg.co/2AaI,0,5,1,13,0,0.076923077,0,0,-1,0,0,tapg.co,1,0,6,0,0,0,0,/2AaI,1,1,3,0,0.333333333,,0,0,0,0,0,[],0,0,0,0,0,0,0,0,0,0,0,0,0,0,0,0,,0,0,0,0,0,,0,0,0,0,0,0
160,http://tapg.co/2A8f,0,5,2,12,0,0.166666667,0,0,-1,0,0,tapg.co,1,0,6,0,0,0,0,/2A8f,1,2,2,0,1,,0,0,0,0,0,[],0,0,0,0,0,0,0,0,0,0,0,0,0,0,0,0,,0,0,0,0,0,,0,0,0,0,0,0
161,http://tapg.co/2zTI,0,5,1,13,0,0.076923077,0,0,-1,0,0,tapg.co,1,0,6,0,0,0,0,/2zTI,1,1,3,0,0.333333333,,0,0,0,0,0,[],0,0,0,0,0,0,0,0,0,0,0,0,0,0,0,0,,0,0,0,0,0,,0,0,0,0,0,0
162,http://vq.ag/38n9ja,0,5,3,11,0,0.272727273,0,0,-1,0,0,vq.ag,1,0,4,0,0,0,0,/38n9ja,1,3,3,0,1,,0,0,0,0,0,[],0,0,0,0,0,0,0,0,0,0,0,0,0,0,0,0,,0,0,0,0,0,,0,0,0,0,0,0
163,https://record.mansionaffiliates.com/_Omfd0sHS6VRFf3LdmP_7y2Nd7ZgqdRLk/2/,0,10,7,56,0,0.125,0,1,-1,0,0,record.mansionaffiliates.com,2,0,26,0,0,1,0,/_Omfd0sHS6VRFf3LdmP_7y2Nd7ZgqdRLk/2/,5,7,25,0,0.28,,0,0,0,0,0,[],0,0,0,0,0,0,0,0,0,0,0,0,0,0,0,0,,0,0,0,0,0,,0,0,0,0,0,0
164,https://www.casino.com/ca/,0,7,0,19,0,0,0,1,-1,0,0,www.casino.com,2,0,12,0,0,1,0,/ca/,2,0,2,0,0,,0,0,0,0,0,[],0,0,0,0,0,0,0,0,0,0,0,0,0,0,0,0,,0,0,0,0,0,,0,0,0,0,0,0
165,http://tapg.co/2ABh,0,5,1,13,0,0.076923077,0,0,-1,0,0,tapg.co,1,0,6,0,0,0,0,/2ABh,1,1,3,0,0.333333333,,0,0,0,0,0,[],0,0,0,0,0,0,0,0,0,0,0,0,0,0,0,0,,0,0,0,0,0,,0,0,0,0,0,0
166,http://tapg.co/2AN9,0,5,2,12,0,0.166666667,0,0,-1,0,0,tapg.co,1,0,6,0,0,0,0,/2AN9,1,2,2,0,1,,0,0,0,0,0,[],0,0,0,0,0,0,0,0,0,0,0,0,0,0,0,0,,0,0,0,0,0,,0,0,0,0,0,0
167,https://api.casino.com/map/?token=uLVNS-47YYlYKIrWjXL20mNd7ZgqdRLk&affiliate=1039497&campaign=2&plan=1&media=&object=593&setup=31305&payload=&destination=http%3A%2F%2Fwww.casino.com%2Fca%2F%3F&querystring=,0,21,28,141,0,0.19858156,1,1,-1,0,0,api.casino.com,2,0,12,0,0,1,0,/map/,2,0,3,0,0,token=uLVNS-47YYlYKIrWjXL20mNd7ZgqdRLk&affiliate=1039497&campaign=2&plan=1&media=&object=593&setup=31305&payload=&destination=http%3A%2F%2Fwww.casino.com%2Fca%2F%3F&querystring=,13,28,121,0,0.231404959,"['uLVNS-47YYlYKIrWjXL20mNd7ZgqdRLk', '1039497', '2', '1', '593', '31305', 'http://www.casino.com/ca/?']",75,10.71428571,32,44,3.142857143,6.285714286,0,0,48,6.857142857,11,48,0,6.857142857,0,0,,0,0,0,0,0,,0,0,0,0,0,0
168,http://api.casino.com/map/?token=uLVNS-47YYlYKIrWjXL20mNd7ZgqdRLk&affiliate=1039497&campaign=2&plan=1&media=&object=593&setup=31305&payload=&destination=http%3A%2F%2Fwww.casino.com%2Fca%2F%3F&querystring=,0,21,28,140,0,0.2,1,0,-1,0,0,api.casino.com,2,0,12,0,0,1,0,/map/,2,0,3,0,0,token=uLVNS-47YYlYKIrWjXL20mNd7ZgqdRLk&affiliate=1039497&campaign=2&plan=1&media=&object=593&setup=31305&payload=&destination=http%3A%2F%2Fwww.casino.com%2Fca%2F%3F&querystring=,13,28,121,0,0.231404959,"['uLVNS-47YYlYKIrWjXL20mNd7ZgqdRLk', '1039497', '2', '1', '593', '31305', 'http://www.casino.com/ca/?']",75,10.71428571,32,44,3.142857143,6.285714286,0,0,48,6.857142857,11,48,0,6.857142857,0,0,,0,0,0,0,0,,0,0,0,0,0,0
169,http://tapg.co/2AFA,0,5,1,13,0,0.076923077,0,0,-1,0,0,tapg.co,1,0,6,0,0,0,0,/2AFA,1,1,3,0,0.333333333,,0,0,0,0,0,[],0,0,0,0,0,0,0,0,0,0,0,0,0,0,0,0,,0,0,0,0,0,,0,0,0,0,0,0
170,http://tapg.co/2Bgm,0,5,1,13,0,0.076923077,0,0,-1,0,0,tapg.co,1,0,6,0,0,0,0,/2Bgm,1,1,3,0,0.333333333,,0,0,0,0,0,[],0,0,0,0,0,0,0,0,0,0,0,0,0,0,0,0,,0,0,0,0,0,,0,0,0,0,0,0
171,http://tapg.co/2AGX,0,5,1,13,0,0.076923077,0,0,-1,0,0,tapg.co,1,0,6,0,0,0,0,/2AGX,1,1,3,0,0.333333333,,0,0,0,0,0,[],0,0,0,0,0,0,0,0,0,0,0,0,0,0,0,0,,0,0,0,0,0,,0,0,0,0,0,0
172,http://tapg.co/2AN7,0,5,2,12,0,0.166666667,0,0,-1,0,0,tapg.co,1,0,6,0,0,0,0,/2AN7,1,2,2,0,1,,0,0,0,0,0,[],0,0,0,0,0,0,0,0,0,0,0,0,0,0,0,0,,0,0,0,0,0,,0,0,0,0,0,0
173,http://tapg.co/2AFB,0,5,1,13,0,0.076923077,0,0,-1,0,0,tapg.co,1,0,6,0,0,0,0,/2AFB,1,1,3,0,0.333333333,,0,0,0,0,0,[],0,0,0,0,0,0,0,0,0,0,0,0,0,0,0,0,,0,0,0,0,0,,0,0,0,0,0,0
174,http://tapg.co/2AHf,0,5,1,13,0,0.076923077,0,0,-1,0,0,tapg.co,1,0,6,0,0,0,0,/2AHf,1,1,3,0,0.333333333,,0,0,0,0,0,[],0,0,0,0,0,0,0,0,0,0,0,0,0,0,0,0,,0,0,0,0,0,,0,0,0,0,0,0
175,http://tapg.co/2B0Q,0,5,2,12,0,0.166666667,0,0,-1,0,0,tapg.co,1,0,6,0,0,0,0,/2B0Q,1,2,2,0,1,,0,0,0,0,0,[],0,0,0,0,0,0,0,0,0,0,0,0,0,0,0,0,,0,0,0,0,0,,0,0,0,0,0,0
176,http://ca2.bonusx.org/?c1=campaign-cb-smsedge&c2=18320&c3=12506496044&c4=CA Offerwall-2018-04-13&c5=7904-0414-64504034015,0,19,49,48,0,1.020833333,0,0,-1,0,0,ca2.bonusx.org,2,1,11,0,0.090909091,1,0,/,1,0,0,0,0,c1=campaign-cb-smsedge&c2=18320&c3=12506496044&c4=CA Offerwall-2018-04-13&c5=7904-0414-64504034015,12,48,33,0,1.454545455,"['campaign-cb-smsedge', '18320', '12506496044', 'CA Offerwall-2018-04-13', '7904-0414-64504034015']",79,15.8,23,28,8.6,5.6,0,0,10,2,2,5,1,1,0,0,,0,0,0,0,0,,0,0,0,0,0,0
177,http://ca2.bonusx.org/?c1=campaign-cb-smsedge&c2=18320&c3=15198354070&c4=CA Offerwall-2018-04-13&c5=7904-0414-63520610210,0,19,49,48,0,1.020833333,0,0,-1,0,0,ca2.bonusx.org,2,1,11,0,0.090909091,1,0,/,1,0,0,0,0,c1=campaign-cb-smsedge&c2=18320&c3=15198354070&c4=CA Offerwall-2018-04-13&c5=7904-0414-63520610210,12,48,33,0,1.454545455,"['campaign-cb-smsedge', '18320', '15198354070', 'CA Offerwall-2018-04-13', '7904-0414-63520610210']",79,15.8,23,28,8.6,5.6,0,0,10,2,2,5,1,1,0,0,,0,0,0,0,0,,0,0,0,0,0,0
178,http://tapg.co/2B0g,0,5,2,12,0,0.166666667,0,0,-1,0,0,tapg.co,1,0,6,0,0,0,0,/2B0g,1,2,2,0,1,,0,0,0,0,0,[],0,0,0,0,0,0,0,0,0,0,0,0,0,0,0,0,,0,0,0,0,0,,0,0,0,0,0,0
179,http://tapg.co/2Bbm,0,5,1,13,0,0.076923077,0,0,-1,0,0,tapg.co,1,0,6,0,0,0,0,/2Bbm,1,1,3,0,0.333333333,,0,0,0,0,0,[],0,0,0,0,0,0,0,0,0,0,0,0,0,0,0,0,,0,0,0,0,0,,0,0,0,0,0,0
180,https://api.casino.com/map?token=uLVNS-47YYlYKIrWjXL20mNd7ZgqdRLk&affiliate=1039497&campaign=2&plan=1&media=&object=593&setup=31305&payload=&destination=http%3A%2F%2Fwww.casino.com%2Fca%2F%3F&querystring=,0,20,28,141,0,0.19858156,1,1,-1,0,0,api.casino.com,2,0,12,0,0,1,0,/map,1,0,3,0,0,token=uLVNS-47YYlYKIrWjXL20mNd7ZgqdRLk&affiliate=1039497&campaign=2&plan=1&media=&object=593&setup=31305&payload=&destination=http%3A%2F%2Fwww.casino.com%2Fca%2F%3F&querystring=,13,28,121,0,0.231404959,"['uLVNS-47YYlYKIrWjXL20mNd7ZgqdRLk', '1039497', '2', '1', '593', '31305', 'http://www.casino.com/ca/?']",75,10.71428571,32,44,3.142857143,6.285714286,0,0,48,6.857142857,11,48,0,6.857142857,0,0,,0,0,0,0,0,,0,0,0,0,0,0
181,http://tapg.co/2AV9,0,5,2,12,0,0.166666667,0,0,-1,0,0,tapg.co,1,0,6,0,0,0,0,/2AV9,1,2,2,0,1,,0,0,0,0,0,[],0,0,0,0,0,0,0,0,0,0,0,0,0,0,0,0,,0,0,0,0,0,,0,0,0,0,0,0
182,http://tapg.co/2ANC,0,5,1,13,0,0.076923077,0,0,-1,0,0,tapg.co,1,0,6,0,0,0,0,/2ANC,1,1,3,0,0.333333333,,0,0,0,0,0,[],0,0,0,0,0,0,0,0,0,0,0,0,0,0,0,0,,0,0,0,0,0,,0,0,0,0,0,0
183,http://ca2.bonusx.org/?c1=campaign-cb-smsedge&c2=18320&c3=12895275225&c4=CA Offerwall-2018-04-13&c5=7904-0414-84703337712,0,19,49,48,0,1.020833333,0,0,-1,0,0,ca2.bonusx.org,2,1,11,0,0.090909091,1,0,/,1,0,0,0,0,c1=campaign-cb-smsedge&c2=18320&c3=12895275225&c4=CA Offerwall-2018-04-13&c5=7904-0414-84703337712,12,48,33,0,1.454545455,"['campaign-cb-smsedge', '18320', '12895275225', 'CA Offerwall-2018-04-13', '7904-0414-84703337712']",79,15.8,23,28,8.6,5.6,0,0,10,2,2,5,1,1,0,0,,0,0,0,0,0,,0,0,0,0,0,0
184,http://ca2.bonusx.org/?c1=campaign-cb-smsedge&c2=18320&c3=17787732945&c4=CA Offerwall-2018-04-13&c5=7904-0414-89049853993,0,19,49,48,0,1.020833333,0,0,-1,0,0,ca2.bonusx.org,2,1,11,0,0.090909091,1,0,/,1,0,0,0,0,c1=campaign-cb-smsedge&c2=18320&c3=17787732945&c4=CA Offerwall-2018-04-13&c5=7904-0414-89049853993,12,48,33,0,1.454545455,"['campaign-cb-smsedge', '18320', '17787732945', 'CA Offerwall-2018-04-13', '7904-0414-89049853993']",79,15.8,23,28,8.6,5.6,0,0,10,2,2,5,1,1,0,0,,0,0,0,0,0,,0,0,0,0,0,0
185,http://ca2.bonusx.org/?c1=campaign-cb-smsedge&c2=18320&c3=16134474924&c4=CA Offerwall-2018-04-13&c5=7904-0414-73409031446,0,19,49,48,0,1.020833333,0,0,-1,0,0,ca2.bonusx.org,2,1,11,0,0.090909091,1,0,/,1,0,0,0,0,c1=campaign-cb-smsedge&c2=18320&c3=16134474924&c4=CA Offerwall-2018-04-13&c5=7904-0414-73409031446,12,48,33,0,1.454545455,"['campaign-cb-smsedge', '18320', '16134474924', 'CA Offerwall-2018-04-13', '7904-0414-73409031446']",79,15.8,23,28,8.6,5.6,0,0,10,2,2,5,1,1,0,0,,0,0,0,0,0,,0,0,0,0,0,0
186,http://ca2.bonusx.org/?c1=campaign-cb-smsedge&c2=18320&c3=14165282185&c4=CA Offerwall-2018-04-13&c5=7904-0414-34404421657,0,19,49,48,0,1.020833333,0,0,-1,0,0,ca2.bonusx.org,2,1,11,0,0.090909091,1,0,/,1,0,0,0,0,c1=campaign-cb-smsedge&c2=18320&c3=14165282185&c4=CA Offerwall-2018-04-13&c5=7904-0414-34404421657,12,48,33,0,1.454545455,"['campaign-cb-smsedge', '18320', '14165282185', 'CA Offerwall-2018-04-13', '7904-0414-34404421657']",79,15.8,23,28,8.6,5.6,0,0,10,2,2,5,1,1,0,0,,0,0,0,0,0,,0,0,0,0,0,0
187,http://ca2.bonusx.org/?c1=campaign-cb-smsedge&c2=18320&c3=15148064085&c4=CA Offerwall-2018-04-13&c5=7904-0414-38540872589,0,19,49,48,0,1.020833333,0,0,-1,0,0,ca2.bonusx.org,2,1,11,0,0.090909091,1,0,/,1,0,0,0,0,c1=campaign-cb-smsedge&c2=18320&c3=15148064085&c4=CA Offerwall-2018-04-13&c5=7904-0414-38540872589,12,48,33,0,1.454545455,"['campaign-cb-smsedge', '18320', '15148064085', 'CA Offerwall-2018-04-13', '7904-0414-38540872589']",79,15.8,23,28,8.6,5.6,0,0,10,2,2,5,1,1,0,0,,0,0,0,0,0,,0,0,0,0,0,0
188,http://www.yellowpages.ca/bus/Alberta/Okotoks/The-George-Traditional-House/7758124.html,0,14,7,66,0,0.106060606,0,0,-1,0,0,www.yellowpages.ca,2,0,16,0,0,1,0,/bus/Alberta/Okotoks/The-George-Traditional-House/7758124.html,9,7,46,0,0.152173913,,0,0,0,0,0,[],0,0,0,0,0,0,0,0,0,0,0,0,0,0,0,0,,0,0,0,0,0,html,0,0,4,0,0,0
189,http://tapg.co/2EnG,0,5,1,13,0,0.076923077,0,0,-1,0,0,tapg.co,1,0,6,0,0,0,0,/2EnG,1,1,3,0,0.333333333,,0,0,0,0,0,[],0,0,0,0,0,0,0,0,0,0,0,0,0,0,0,0,,0,0,0,0,0,,0,0,0,0,0,0
190,http://tapg.co/2ELu,0,5,1,13,0,0.076923077,0,0,-1,0,0,tapg.co,1,0,6,0,0,0,0,/2ELu,1,1,3,0,0.333333333,,0,0,0,0,0,[],0,0,0,0,0,0,0,0,0,0,0,0,0,0,0,0,,0,0,0,0,0,,0,0,0,0,0,0
191,http://tapg.co/2EJw,0,5,1,13,0,0.076923077,0,0,-1,0,0,tapg.co,1,0,6,0,0,0,0,/2EJw,1,1,3,0,0.333333333,,0,0,0,0,0,[],0,0,0,0,0,0,0,0,0,0,0,0,0,0,0,0,,0,0,0,0,0,,0,0,0,0,0,0
192,http://tapg.co/2ESY,0,5,1,13,0,0.076923077,0,0,-1,0,0,tapg.co,1,0,6,0,0,0,0,/2ESY,1,1,3,0,0.333333333,,0,0,0,0,0,[],0,0,0,0,0,0,0,0,0,0,0,0,0,0,0,0,,0,0,0,0,0,,0,0,0,0,0,0
193,http://tapg.co/2Eul,0,5,1,13,0,0.076923077,0,0,-1,0,0,tapg.co,1,0,6,0,0,0,0,/2Eul,1,1,3,0,0.333333333,,0,0,0,0,0,[],0,0,0,0,0,0,0,0,0,0,0,0,0,0,0,0,,0,0,0,0,0,,0,0,0,0,0,0
194,http://tapg.co/2Et3,0,5,2,12,0,0.166666667,0,0,-1,0,0,tapg.co,1,0,6,0,0,0,0,/2Et3,1,2,2,0,1,,0,0,0,0,0,[],0,0,0,0,0,0,0,0,0,0,0,0,0,0,0,0,,0,0,0,0,0,,0,0,0,0,0,0
195,http://tapg.co/2Emr,0,5,1,13,0,0.076923077,0,0,-1,0,0,tapg.co,1,0,6,0,0,0,0,/2Emr,1,1,3,0,0.333333333,,0,0,0,0,0,[],0,0,0,0,0,0,0,0,0,0,0,0,0,0,0,0,,0,0,0,0,0,,0,0,0,0,0,0
196,http://tapg.co/2Eio,0,5,1,13,0,0.076923077,0,0,-1,0,0,tapg.co,1,0,6,0,0,0,0,/2Eio,1,1,3,0,0.333333333,,0,0,0,0,0,[],0,0,0,0,0,0,0,0,0,0,0,0,0,0,0,0,,0,0,0,0,0,,0,0,0,0,0,0
197,http://ca2.bonusx.org/?c1=campaign-cb-smsedge&c2=18320&c3=12893562099&c4=CA Offerwall-2018-04-13&c5=7904-0414-17039504315,0,19,49,48,0,1.020833333,0,0,-1,0,0,ca2.bonusx.org,2,1,11,0,0.090909091,1,0,/,1,0,0,0,0,c1=campaign-cb-smsedge&c2=18320&c3=12893562099&c4=CA Offerwall-2018-04-13&c5=7904-0414-17039504315,12,48,33,0,1.454545455,"['campaign-cb-smsedge', '18320', '12893562099', 'CA Offerwall-2018-04-13', '7904-0414-17039504315']",79,15.8,23,28,8.6,5.6,0,0,10,2,2,5,1,1,0,0,,0,0,0,0,0,,0,0,0,0,0,0
198,http://ca2.bonusx.org/?c1=campaign-cb-smsedge&c2=18320&c3=12049975657&c4=CA Offerwall-2018-04-13&c5=7904-0414-82625601967,0,19,49,48,0,1.020833333,0,0,-1,0,0,ca2.bonusx.org,2,1,11,0,0.090909091,1,0,/,1,0,0,0,0,c1=campaign-cb-smsedge&c2=18320&c3=12049975657&c4=CA Offerwall-2018-04-13&c5=7904-0414-82625601967,12,48,33,0,1.454545455,"['campaign-cb-smsedge', '18320', '12049975657', 'CA Offerwall-2018-04-13', '7904-0414-82625601967']",79,15.8,23,28,8.6,5.6,0,0,10,2,2,5,1,1,0,0,,0,0,0,0,0,,0,0,0,0,0,0
199,http://ca2.bonusx.org/?c1=campaign-cb-smsedge&c2=18320&c3=14167295515&c4=CA Offerwall-2018-04-13&c5=7904-0414-44548217104,0,19,49,48,0,1.020833333,0,0,-1,0,0,ca2.bonusx.org,2,1,11,0,0.090909091,1,0,/,1,0,0,0,0,c1=campaign-cb-smsedge&c2=18320&c3=14167295515&c4=CA Offerwall-2018-04-13&c5=7904-0414-44548217104,12,48,33,0,1.454545455,"['campaign-cb-smsedge', '18320', '14167295515', 'CA Offerwall-2018-04-13', '7904-0414-44548217104']",79,15.8,23,28,8.6,5.6,0,0,10,2,2,5,1,1,0,0,,0,0,0,0,0,,0,0,0,0,0,0
200,http://ca2.bonusx.org/?c1=campaign-cb-smsedge&c2=18320&c3=17807283900&c4=CA Offerwall-2018-04-13&c5=7904-0414-11607748721,0,19,49,48,0,1.020833333,0,0,-1,0,0,ca2.bonusx.org,2,1,11,0,0.090909091,1,0,/,1,0,0,0,0,c1=campaign-cb-smsedge&c2=18320&c3=17807283900&c4=CA Offerwall-2018-04-13&c5=7904-0414-11607748721,12,48,33,0,1.454545455,"['campaign-cb-smsedge', '18320', '17807283900', 'CA Offerwall-2018-04-13', '7904-0414-11607748721']",79,15.8,23,28,8.6,5.6,0,0,10,2,2,5,1,1,0,0,,0,0,0,0,0,,0,0,0,0,0,0
